date,temperature,rainfall,solar_radiation,sm_surface_wetness,n_obs_3hourly,ndvi,rainfall_7d_sum,solar_7d_mean,sm_surface_lag1,sm_rootzone_lag1,ndvi_lag1,sm_surface,prediction,residual,absolute_error
2024-01-01,10.5,0.52,7.32,0.7541365623474121,8,0.7504373796346459,4.880000000000011,8.322857142857142,0.395619124174118,0.4039003551006317,0.7620285228647381,0.3934894502162933,0.3934268982211749,6.255199511839837e-05,6.255199511839837e-05
2024-01-02,11.11,0.08,10.55,0.7527099847793579,8,0.7388462364045536,4.960000000000011,9.015714285714283,0.3934894502162933,0.4033866822719574,0.7504373796346459,0.392784982919693,0.39276144971450166,2.35332051913284e-05,2.35332051913284e-05
2024-01-03,10.29,5.13,3.56,0.7848149538040161,8,0.7272550931744612,10.09000000000001,8.071428571428571,0.392784982919693,0.4028255045413971,0.7388462364045536,0.4094880819320678,0.4095141540964444,-2.607216437661153e-05,2.607216437661153e-05
2024-01-04,8.87,0.34,12.03,0.7597935199737549,8,0.715663949944369,10.41000000000001,8.468571428571428,0.4094880819320678,0.4079644680023193,0.7272550931744612,0.3964595198631286,0.39647256513436635,-1.3045271237743794e-05,1.3045271237743794e-05
2024-01-05,11.21,0.32,8.81,0.7574196457862854,8,0.7040728067142766,10.730000000000013,8.180000000000001,0.3964595198631286,0.4058004021644592,0.715663949944369,0.3952241837978363,0.3952129437526067,1.1240045229621298e-05,1.1240045229621298e-05
2024-01-06,11.53,0.76,7.71,0.7544973492622375,8,0.6924816634841844,11.31000000000001,8.005714285714287,0.3952241837978363,0.4044815301895141,0.7040728067142766,0.3936928808689117,0.3937040458122889,-1.1164943377217629e-05,1.1164943377217629e-05
2024-01-07,7.56,0.02,6.44,0.7487996816635132,8,0.680890520254092,7.170000000000011,8.06,0.3936928808689117,0.4038208127021789,0.6924816634841844,0.3907546699047088,0.3907289281487465,2.5741755962316315e-05,2.5741755962316315e-05
2024-01-08,5.72,0.0,12.29,0.7424872517585754,8,0.6692993770239998,6.650000000000011,8.77,0.3907546699047088,0.4030454158782959,0.680890520254092,0.3874205350875854,0.38748732338349023,-6.678829590484048e-05,6.678829590484048e-05
2024-01-09,9.34,0.08,10.24,0.7525378465652466,8,0.6577082337939075,6.650000000000011,8.725714285714286,0.3874205350875854,0.4023147523403168,0.6692993770239998,0.3926942348480224,0.39266516089439385,2.9073953628555582e-05,2.9073953628555582e-05
2024-01-10,10.14,7.58,5.61,0.7781898379325867,8,0.6461170905638152,9.100000000000012,9.018571428571429,0.3926942348480224,0.4022645354270935,0.6577082337939075,0.4060563445091247,0.40604102343320847,1.532107591623033e-05,1.532107591623033e-05
2024-01-11,10.04,0.07,9.02,0.7580150365829468,8,0.6345259473337229,8.83000000000001,8.588571428571429,0.4060563445091247,0.4048182070255279,0.6461170905638152,0.3955134451389313,0.39555294235547384,-3.949721654256111e-05,3.949721654256111e-05
2024-01-12,10.58,0.01,6.51,0.7493013143539429,8,0.6229348041036306,8.52000000000001,8.26,0.3955134451389313,0.4039412438869476,0.6345259473337229,0.3909871876239776,0.3909900858004888,-2.8981765111679714e-06,2.8981765111679714e-06
2024-01-13,8.74,0.0,13.01,0.7455743551254272,8,0.6113436608735383,7.760000000000011,9.017142857142856,0.3909871876239776,0.4027981162071228,0.6229348041036306,0.3890435993671417,0.38900263398885726,4.096537828446323e-05,4.096537828446323e-05
2024-01-14,9.34,0.57,13.63,0.7518520951271057,8,0.599752517643446,8.310000000000011,10.044285714285715,0.3890435993671417,0.4019266963005066,0.6113436608735383,0.3923216164112091,0.392319852411747,1.7639994621121424e-06,1.7639994621121424e-06
2024-01-15,10.67,5.35,10.36,0.7559857964515686,8,0.5881613744133537,13.66000000000001,9.768571428571429,0.3923216164112091,0.401747465133667,0.599752517643446,0.3944472670555115,0.39450082401434583,-5.3556958834355406e-05,5.3556958834355406e-05
2024-01-16,8.43,0.0,12.02,0.746880292892456,8,0.5765702311832615,13.58000000000001,10.022857142857143,0.3944472670555115,0.4019660949707031,0.5881613744133537,0.3896836936473846,0.38974613438049954,-6.244073311495457e-05,6.244073311495457e-05
2024-01-17,10.91,0.02,9.72,0.7433347702026367,8,0.5649790879531691,6.02000000000001,10.61,0.3896836936473846,0.4010649919509887,0.5765702311832615,0.3879179954528808,0.3877823473016421,0.00013564815123867646,0.00013564815123867646
2024-01-18,14.01,4.92,3.04,0.8000937700271606,8,0.5533879447230767,10.87000000000001,9.755714285714287,0.3879179954528808,0.4004937410354614,0.5649790879531691,0.4174715578556061,0.41747725109259287,-5.6932369867923605e-06,5.6932369867923605e-06
2024-01-19,11.15,2.05,4.27,0.778205931186676,8,0.5417968014929846,12.91000000000001,9.435714285714283,0.4174715578556061,0.4081164300441742,0.5533879447230767,0.4060808420181274,0.4060559395949046,2.4902423222783465e-05,2.4902423222783465e-05
2024-01-20,10.06,15.93,2.92,0.8246279954910278,8,0.5302056582628922,28.84000000000001,7.994285714285715,0.4060808420181274,0.4096362888813019,0.5417968014929846,0.4302742481231689,0.43037687410910924,-0.00010262598594035222,0.00010262598594035222
2024-01-21,11.18,8.39,7.23,0.7884692549705505,8,0.5186145150327999,36.66000000000001,7.079999999999999,0.4302742481231689,0.4182687401771545,0.5302056582628922,0.4113905727863312,0.41140997459491097,-1.9401808579788682e-05,1.9401808579788682e-05
2024-01-22,7.95,7.59,4.51,0.7823429703712463,8,0.5070233718027076,38.900000000000006,6.244285714285715,0.4113905727863312,0.4182165861129761,0.5186145150327999,0.4082262217998504,0.40820564647515617,2.0575324694238617e-05,2.0575324694238617e-05
2024-01-23,2.35,3.78,5.97,0.768915593624115,8,0.4954322285726153,42.68000000000001,5.380000000000001,0.4082262217998504,0.413695752620697,0.5070233718027076,0.4012157022953033,0.4012192862232526,-3.583927949302179e-06,3.583927949302179e-06
2024-01-24,2.32,1.9,7.75,0.7630885243415833,8,0.483841085342523,44.56000000000002,5.098571428571428,0.4012157022953033,0.4108920991420746,0.4954322285726153,0.3981689214706421,0.39817765762408575,-8.736153443655859e-06,8.736153443655859e-06
2024-01-25,4.02,0.1,12.52,0.7609352469444275,8,0.4722499421124307,39.74000000000001,6.452857142857143,0.3981689214706421,0.4093368351459503,0.483841085342523,0.3970480859279632,0.39705491324265796,-6.8273146947572805e-06,6.8273146947572805e-06
2024-01-26,6.45,0.0,12.43,0.7578935027122498,8,0.4606587988823384,37.69000000000001,7.618571428571428,0.3970480859279632,0.4083876609802246,0.4722499421124307,0.3954773545265198,0.3954510085781415,2.6345948378247996e-05,2.6345948378247996e-05
2024-01-27,7.91,0.0,9.16,0.7570237517356873,8,0.7970510935352506,21.76000000000001,8.51,0.3954773545265198,0.4076932370662689,0.4606587988823384,0.3949941992759704,0.39501066555579506,-1.6466279824656205e-05,1.6466279824656205e-05
2024-01-28,8.16,1.49,5.53,0.7592164278030396,8,0.8040621021576755,14.86000000000001,8.267142857142856,0.3949941992759704,0.4071877598762512,0.7970510935352506,0.3961670994758606,0.3961588924129804,8.207062880183358e-06,8.207062880183358e-06
2024-01-29,8.5,0.0,12.2,0.7598055601119995,8,0.8110731107801005,7.27000000000001,9.365714285714288,0.3961670994758606,0.4069602787494659,0.8040621021576755,0.3964777886867523,0.39648358126481376,-5.792578061436515e-06,5.792578061436515e-06
2024-01-30,8.85,0.0,7.7,0.7589505314826965,8,0.8180841194025255,3.490000000000011,9.612857142857145,0.3964777886867523,0.4066015481948852,0.8110731107801005,0.3960291147232055,0.3960300960143407,-9.81291135182527e-07,9.81291135182527e-07
2024-01-31,10.37,6.35,3.1,0.7827137112617493,8,0.8250951280249503,7.94000000000001,8.948571428571428,0.3960291147232055,0.4063944816589355,0.8180841194025255,0.4084270596504211,0.4084737151861191,-4.665553569799252e-05,4.665553569799252e-05
2024-02-01,11.02,4.28,3.05,0.7914761304855347,8,0.8294081238061176,12.120000000000012,7.595714285714285,0.4084270596504211,0.4082966446876526,0.8250951280249503,0.4129917323589325,0.41298766563336053,4.066725571960639e-06,4.066725571960639e-06
2024-02-02,8.4,0.07,8.54,0.767731785774231,8,0.8337211195872849,12.19000000000001,7.039999999999999,0.4129917323589325,0.411779373884201,0.8294081238061176,0.4005780220031738,0.4005942256251971,-1.6203622023314157e-05,1.6203622023314157e-05
2024-02-03,7.46,8.2,3.59,0.8272642493247986,8,0.8380341153684521,20.390000000000008,6.244285714285715,0.4005780220031738,0.4097273349761963,0.8337211195872849,0.4316501915454864,0.4317094307144483,-5.9239168961888744e-05,5.9239168961888744e-05
2024-02-04,8.87,1.5,8.98,0.8248646855354309,8,0.8423471111496194,20.40000000000001,6.737142857142857,0.4316501915454864,0.4224198162555694,0.8380341153684521,0.4303962588310241,0.43039991756280266,-3.6587317785441442e-06,3.6587317785441442e-06
2024-02-05,8.15,34.2,2.64,0.8172425031661987,8,0.8466601069307866,54.60000000000001,5.371428571428571,0.4303962588310241,0.4266823530197143,0.8423471111496194,0.4264591038227081,0.42643380095561345,2.530286709462315e-05,2.530286709462315e-05
2024-02-06,9.04,2.79,8.45,0.7901824116706848,8,0.7866021239018969,57.39000000000001,5.478571428571429,0.4264591038227081,0.4319055080413818,0.8466601069307866,0.4123340845108032,0.4123346464832624,-5.619724591787723e-07,5.619724591787723e-07
2024-02-07,8.6,4.76,7.17,0.7853711247444153,8,0.7265441408730071,55.8,6.0600000000000005,0.4123340845108032,0.4248263537883758,0.7866021239018969,0.4098306894302368,0.4098256099224091,5.079507827743246e-06,5.079507827743246e-06
2024-02-08,8.55,5.35,11.87,0.7828950881958008,8,0.6664861578441175,56.87000000000001,7.32,0.4098306894302368,0.4219231009483337,0.7265441408730071,0.4085146188735962,0.40855188061793646,-3.7261744340266745e-05,3.7261744340266745e-05
2024-02-09,8.51,2.67,11.54,0.7783381938934326,8,0.6064281748152277,59.47000000000001,7.748571428571429,0.4085146188735962,0.4204859733581543,0.6664861578441175,0.4061404764652252,0.4061705793937047,-3.010292847949181e-05,3.010292847949181e-05
2024-02-10,8.08,0.02,12.73,0.7768688797950745,8,0.2867916504309539,51.290000000000006,9.054285714285712,0.4061404764652252,0.4194988012313843,0.6064281748152277,0.4053692817687988,0.4053287172317505,4.056453704825991e-05,4.056453704825991e-05
2024-02-11,8.74,0.15,12.41,0.7782041430473328,8,0.2820180188936958,49.94000000000001,9.544285714285715,0.4053692817687988,0.4186468720436096,0.2867916504309539,0.4060946106910705,0.4060797374447187,1.4873246351798652e-05,1.4873246351798652e-05
2024-02-12,8.34,0.0,16.49,0.7740801572799683,8,0.2772443873564377,15.740000000000007,11.522857142857143,0.4060946106910705,0.4178387820720672,0.2820180188936958,0.4039498567581177,0.40397501597801844,-2.5159219900761087e-05,2.5159219900761087e-05
2024-02-13,10.92,0.0,15.34,0.7719590663909912,8,0.2724707558191795,12.950000000000006,12.507142857142856,0.4039498567581177,0.4168926477432251,0.2772443873564377,0.4028181731700897,0.4028132489323616,4.924237728132219e-06,4.924237728132219e-06
2024-02-14,13.22,0.36,8.07,0.7759677767753601,8,0.2676971242819214,8.550000000000008,12.635714285714284,0.4028181731700897,0.4162279069423675,0.2724707558191795,0.4048812389373779,0.40490514943997064,-2.3910502592761063e-05,2.3910502592761063e-05
2024-02-15,13.46,3.92,6.75,0.7889753580093384,8,0.2629234927446633,7.120000000000006,11.904285714285717,0.4048812389373779,0.4159070551395416,0.2676971242819214,0.4116794764995575,0.4116956427693367,-1.6166269779183118e-05,1.6166269779183118e-05
2024-02-16,8.29,0.12,11.51,0.7769790887832642,8,0.2581498612074052,4.570000000000007,11.9,0.4116794764995575,0.4167006313800812,0.2629234927446633,0.4054319560527801,0.4053905541698138,4.1401882966307646e-05,4.1401882966307646e-05
2024-02-17,8.82,0.0,18.69,0.7687010765075684,8,0.253376229670147,4.550000000000007,12.751428571428573,0.4054319560527801,0.4160954654216766,0.2581498612074052,0.4010777175426483,0.401134750743707,-5.703320105870935e-05,5.703320105870935e-05
2024-02-18,12.21,1.45,16.7,0.783596396446228,8,0.2486025981328889,5.850000000000007,13.364285714285714,0.4010777175426483,0.4149592220783233,0.253376229670147,0.40891033411026,0.4088812056183815,2.9128491878527285e-05,2.9128491878527285e-05
2024-02-19,15.24,31.95,3.97,0.8480021953582764,8,0.2438289665956307,37.8,11.575714285714286,0.40891033411026,0.415083646774292,0.2486025981328889,0.4424836635589599,0.4425540044903755,-7.034093141561337e-05,7.034093141561337e-05
2024-02-20,13.3,8.39,4.43,0.819176197052002,8,0.2390553350583726,46.19000000000001,10.017142857142856,0.4424836635589599,0.4360697567462921,0.2438289665956307,0.4274525046348572,0.4274457284808159,6.776154041265858e-06,6.776154041265858e-06
2024-02-21,11.82,22.54,4.05,0.8543717861175537,8,0.2342817035211145,68.37,9.442857142857145,0.4274525046348572,0.4306975901126861,0.2390553350583726,0.4458048343658447,0.44566549847523373,0.00013933589061099205,0.00013933589061099205
2024-02-22,9.67,7.18,3.65,0.8466780781745911,8,0.2295080719838563,71.63000000000001,9.0,0.4458048343658447,0.439575046300888,0.2342817035211145,0.4418100714683532,0.4417768424749374,3.322899341579033e-05,3.322899341579033e-05
2024-02-23,8.43,4.21,6.73,0.8409171104431152,8,0.2247344404465982,75.72,8.317142857142857,0.4418100714683532,0.4409953355789184,0.2295080719838563,0.4388387799263,0.4387619828184446,7.679710785540861e-05,7.679710785540861e-05
2024-02-24,8.18,0.33,13.65,0.8189271688461304,8,0.2199608089093401,76.05,7.597142857142857,0.4388387799263,0.443920761346817,0.2247344404465982,0.4273461103439331,0.4273307991027832,1.5311241149895682e-05,1.5311241149895682e-05
2024-02-25,9.49,3.63,11.03,0.8128253817558289,8,0.2151871773720819,78.23000000000002,6.787142857142858,0.4273461103439331,0.4385653138160705,0.2199608089093401,0.4241540133953094,0.4241145787636439,3.943463166550254e-05,3.943463166550254e-05
2024-02-26,9.46,2.11,10.5,0.8060370087623596,8,0.2157095818449536,48.39000000000001,7.72,0.4241540133953094,0.4362674653530121,0.2151871773720819,0.4205853044986725,0.4205282552043597,5.704929431277206e-05,5.704929431277206e-05
2024-02-27,7.85,0.06,10.52,0.8029694557189941,8,0.2162319863178252,40.06000000000001,8.59,0.4205853044986725,0.4344807267189026,0.2157095818449536,0.419007807970047,0.41897374510765073,3.406286239626688e-05,3.406286239626688e-05
2024-02-28,8.19,0.12,14.09,0.8044328689575195,8,0.2167543907906968,17.64000000000001,10.024285714285714,0.419007807970047,0.433021992444992,0.2162319863178252,0.4197672605514526,0.4197602903842926,6.9701671600030934e-06,6.9701671600030934e-06
2024-02-29,8.76,28.21,3.28,0.8536120057106018,8,0.2172767952635684,38.670000000000016,9.971428571428572,0.4197672605514526,0.4321080446243286,0.2167543907906968,0.4454116225242615,0.4453718873858452,3.973513841626364e-05,3.973513841626364e-05
2024-03-01,8.09,0.62,14.41,0.8190843462944031,8,0.2177991997364401,35.08000000000001,11.068571428571428,0.4454116225242615,0.4431708455085754,0.2172767952635684,0.4274075329303741,0.42737586667140326,3.166625897083053e-05,3.166625897083053e-05
2024-03-02,4.49,0.01,17.3,0.8100899457931519,8,0.2133034780671168,34.76000000000001,11.59,0.4274075329303741,0.4400939345359802,0.2177991997364401,0.422672688961029,0.4226675416032473,5.147357781676298e-06,5.147357781676298e-06
2024-03-03,8.31,0.19,10.6,0.8105864524841309,8,0.2088077563977936,31.32000000000001,11.528571428571428,0.422672688961029,0.4367913007736206,0.2133034780671168,0.4229949116706848,0.4229121335347493,8.277813593549066e-05,8.277813593549066e-05
2024-03-04,10.85,2.02,13.78,0.8263028860092163,8,0.2043120347284703,31.23000000000001,11.997142857142856,0.4229949116706848,0.435321182012558,0.2088077563977936,0.4311646521091461,0.43108669728040694,7.795482873917958e-05,7.795482873917958e-05
2024-03-05,9.8,30.83,3.05,0.8531479239463806,8,0.1998163130591471,62.000000000000014,10.93,0.4311646521091461,0.4367624223232269,0.2043120347284703,0.4451755285263061,0.4450362432996432,0.00013928522666289966,0.00013928522666289966
2024-03-06,10.2,0.53,5.57,0.8297211527824402,8,0.1953205913898238,62.41000000000001,9.712857142857144,0.4451755285263061,0.4474807381629944,0.1998163130591471,0.4329355359077453,0.43291479736566546,2.07385420798456e-05,2.07385420798456e-05
2024-03-07,9.21,0.76,11.51,0.8204445838928223,8,0.1908248697205006,34.96000000000001,10.888571428571428,0.4329355359077453,0.443063348531723,0.1953205913898238,0.4281120300292969,0.42815036127964656,-3.8331250349687984e-05,3.8331250349687984e-05
2024-03-08,8.71,0.14,18.41,0.8132416605949402,8,0.1863291480511774,34.48000000000001,11.46,0.4281120300292969,0.4404578804969787,0.1908248697205006,0.4243289232254028,0.42436541785796483,-3.649463256205632e-05,3.649463256205632e-05
2024-03-09,7.36,0.3,16.85,0.8125358819961548,8,0.1818334263818541,34.77000000000001,11.395714285714288,0.4243289232254028,0.4383633434772491,0.1863291480511774,0.4239886701107025,0.42399361779292427,-4.947682221756455e-06,4.947682221756455e-06
2024-03-10,8.43,0.0,21.28,0.806678831577301,8,0.1773377047125309,34.58000000000001,12.921428571428567,0.4239886701107025,0.4368672966957092,0.1818334263818541,0.4209438562393188,0.4209643452366193,-2.048899730050513e-05,2.048899730050513e-05
2024-03-11,10.58,6.76,15.88,0.8556667566299438,8,0.1728419830432077,39.32000000000001,13.221428571428572,0.4209438562393188,0.4356199204921722,0.1773377047125309,0.4464801549911499,0.4464441877603531,3.59672307967962e-05,3.59672307967962e-05
2024-03-12,10.5,19.3,13.27,0.8578702211380005,8,0.1713188084650818,27.790000000000013,14.68142857142857,0.4464801549911499,0.4445327222347259,0.1728419830432077,0.4476431310176849,0.4476749826471011,-3.1851629416213e-05,3.1851629416213e-05
2024-03-13,10.26,0.34,19.69,0.827885627746582,8,0.1697956338869558,27.60000000000001,16.69857142857143,0.4476431310176849,0.4525312781333923,0.1713188084650818,0.4319908618927002,0.43200106819470724,-1.0206302007043089e-05,1.0206302007043089e-05
2024-03-14,11.48,0.0,18.53,0.822187602519989,8,0.1682724593088299,26.84000000000001,17.701428571428572,0.4319908618927002,0.4473529160022735,0.1697956338869558,0.4290391802787781,0.4290583790342013,-1.9198755423222025e-05,1.9198755423222025e-05
2024-03-15,12.66,0.0,21.29,0.8220864534378052,8,0.166749284730704,26.700000000000014,18.112857142857145,0.4290391802787781,0.4438292980194092,0.1682724593088299,0.4289917647838592,0.4289333931605021,5.8371623357089675e-05,5.8371623357089675e-05
2024-03-16,13.86,0.29,21.11,0.8111193180084229,8,0.1652261101525781,26.69000000000001,18.72142857142857,0.4289917647838592,0.4419507682323456,0.166749284730704,0.423225849866867,0.42321986039479575,5.989472071254998e-06,5.989472071254998e-06
2024-03-17,13.01,9.01,3.82,0.8255487680435181,8,0.1666002764506967,35.70000000000002,16.227142857142855,0.423225849866867,0.4399017691612243,0.1652261101525781,0.4307630360126495,0.4307265693942705,3.6466618378971916e-05,3.6466618378971916e-05
2024-03-18,10.69,0.02,21.21,0.8151586651802063,8,0.1679744427488153,28.96000000000001,16.98857142857143,0.4307630360126495,0.4402241706848144,0.1666002764506967,0.4253411889076233,0.42538107474644976,-3.988583882647001e-05,3.988583882647001e-05
2024-03-19,11.93,1.34,11.79,0.8189842700958252,8,0.1693486090469338,11.00000000000001,16.777142857142856,0.4253411889076233,0.4387326538562774,0.1679744427488153,0.4273392558097839,0.4273174774646759,2.1778345107970054e-05,2.1778345107970054e-05
2024-03-20,8.52,1.61,17.95,0.8115670680999756,8,0.1707227753450524,12.270000000000012,16.52857142857143,0.4273392558097839,0.4380906820297241,0.1693486090469338,0.4234732985496521,0.4235487746198972,-7.547607024510627e-05,7.547607024510627e-05
2024-03-21,8.55,0.44,18.54,0.8055728673934937,8,0.172096941643171,12.710000000000012,16.529999999999998,0.4234732985496521,0.4361221492290497,0.1707227753450524,0.42039355635643,0.4203730641802152,2.0492176214803592e-05,2.0492176214803592e-05
2024-03-22,11.03,0.09,21.5,0.8055866956710815,8,0.1734711079412895,12.800000000000011,16.56,0.42039355635643,0.4347365498542785,0.172096941643171,0.4203477799892425,0.42039839913447696,-5.061914523446509e-05,5.061914523446509e-05
2024-03-23,15.09,10.43,3.96,0.850653886795044,8,0.1748452742394081,22.94000000000001,14.11,0.4203477799892425,0.4334360063076019,0.1734711079412895,0.443847507238388,0.4438853324453036,-3.7825206915587106e-05,3.7825206915587106e-05
2024-03-24,13.88,51.62,5.19,0.8497507572174072,8,0.1762194405375267,65.55000000000001,14.305714285714286,0.443847507238388,0.4390258491039276,0.1748452742394081,0.4434016644954681,0.4434040590127309,-2.3945172628048184e-06,2.3945172628048184e-06
2024-03-25,13.16,18.69,3.92,0.8693081736564636,8,0.1775936068356452,84.22000000000001,11.835714285714284,0.4434016644954681,0.4468987286090851,0.1762194405375267,0.4536199569702148,0.4537183944384257,-9.843746821092125e-05,9.843746821092125e-05
2024-03-26,11.47,19.16,6.17,0.8536727428436279,8,0.1789677731337638,102.04000000000002,11.032857142857145,0.4536199569702148,0.4517894685268402,0.1775936068356452,0.4454607963562011,0.4454034000635147,5.7396292686417993e-05,5.7396292686417993e-05
2024-03-27,11.42,0.0,23.18,0.8421147465705872,8,0.1803419394318824,100.43,11.78,0.4454607963562011,0.4558592140674591,0.1789677731337638,0.4394280910491943,0.4394636636972427,-3.5572648048431965e-05,3.5572648048431965e-05
2024-03-28,13.03,17.97,5.36,0.8906883597373962,8,0.1817161057300009,117.96,9.897142857142857,0.4394280910491943,0.4512970149517059,0.1803419394318824,0.4647584557533264,0.4647621886928876,-3.7329395611851446e-06,3.7329395611851446e-06
2024-03-29,15.12,0.76,22.76,0.8525474071502686,8,0.1830902720281195,118.63,10.077142857142857,0.4647584557533264,0.465433657169342,0.1817161057300009,0.4448793530464172,0.44489457408587135,-1.5221039454171859e-05,1.5221039454171859e-05
2024-03-30,15.84,0.11,16.31,0.8385308980941772,8,0.1844644383262381,108.31000000000002,11.84142857142857,0.4448793530464172,0.4625977873802185,0.1830902720281195,0.4375566840171814,0.43751103480656944,4.564921061195326e-05,4.564921061195326e-05
2024-03-31,15.39,1.0,6.75,0.8762197494506836,8,0.1858386046243566,57.69000000000001,12.064285714285717,0.4375566840171814,0.4572354257106781,0.1844644383262381,0.4572293758392334,0.4570942269762357,0.00013514886299770268,0.00013514886299770268
2024-04-01,14.68,0.06,23.62,0.8507710099220276,8,0.1872127709224752,39.06000000000002,14.87857142857143,0.4572293758392334,0.4621358513832092,0.1858386046243566,0.4439436197280884,0.4440258941054344,-8.22743773460366e-05,8.22743773460366e-05
2024-04-02,15.62,5.49,12.2,0.8746050000190735,8,0.1885869372205938,25.39000000000001,15.74,0.4439436197280884,0.4610896110534668,0.1872127709224752,0.4563730359077453,0.4563614559173584,1.1579990386922923e-05,1.1579990386922923e-05
2024-04-03,16.48,80.4,3.03,0.9027792811393738,8,0.1899611035187123,105.79000000000002,12.86142857142857,0.4563730359077453,0.4621192216873169,0.1885869372205938,0.4711048007011413,0.4710432947675387,6.150593360260137e-05,6.150593360260137e-05
2024-04-04,14.27,0.86,9.71,0.8727888464927673,8,0.1913352698168309,88.68000000000002,13.482857142857142,0.4711048007011413,0.4805188775062561,0.1899611035187123,0.4554168879985809,0.4553302675485611,8.662045001978091e-05,8.662045001978091e-05
2024-04-05,14.15,0.01,15.21,0.8650215864181519,8,0.1927094361149495,87.93000000000002,12.404285714285717,0.4554168879985809,0.474385529756546,0.1913352698168309,0.4513751566410064,0.4512273716926575,0.00014778494834893907,0.00014778494834893907
2024-04-06,14.7,1.14,13.23,0.8772411942481995,8,0.194083602413068,88.96000000000002,11.964285714285714,0.4513751566410064,0.4700090885162353,0.1927094361149495,0.4577625095844269,0.4575159555673599,0.0002465540170669689,0.0002465540170669689
2024-04-07,16.51,0.11,17.71,0.8635498285293579,8,0.1954577687111866,88.07000000000002,13.53,0.4577625095844269,0.46978959441185,0.194083602413068,0.4505826532840729,0.45055313090483345,2.9522379239421692e-05,2.9522379239421692e-05
2024-04-08,16.08,24.05,6.1,0.8969845771789551,8,0.1968319350093052,112.06000000000002,11.027142857142858,0.4505826532840729,0.4687438309192657,0.1954577687111866,0.4680286049842834,0.468073994020621,-4.538903633760638e-05,4.538903633760638e-05
2024-04-09,13.26,8.61,14.64,0.8760362267494202,8,0.1982061013074237,115.18000000000002,11.375714285714286,0.4680286049842834,0.4739371240139007,0.1968319350093052,0.4571312069892883,0.45707522581020993,5.598117907834599e-05,5.598117907834599e-05
2024-04-10,12.88,0.0,25.02,0.8621329665184021,8,0.1995802676055423,34.780000000000015,14.517142857142858,0.4571312069892883,0.4746853709220886,0.1982061013074237,0.4498365223407745,0.4499111239115397,-7.460157076522034e-05,7.460157076522034e-05
2024-04-11,14.65,0.18,10.01,0.8687281012535095,8,0.1945916132384771,34.100000000000016,14.56,0.4498365223407745,0.4701036810874939,0.1995802676055423,0.4533099830150604,0.4533301477630933,-2.016474803290258e-05,2.016474803290258e-05
2024-04-12,16.16,0.0,21.38,0.859693706035614,8,0.1896029588714119,34.09000000000002,15.441428571428572,0.4533099830150604,0.4685835540294647,0.1945916132384771,0.4485763013362884,0.4485952514410019,-1.895010471347769e-05,1.895010471347769e-05
2024-04-13,17.59,0.0,23.9,0.8483595252037048,8,0.1846143045043466,32.95000000000002,16.965714285714284,0.4485763013362884,0.4665791690349579,0.1896029588714119,0.4426619708538055,0.44265066981315615,1.1301040649336347e-05,1.1301040649336347e-05
2024-04-14,17.52,0.0,23.21,0.8514664173126221,8,0.1796256501372814,32.84000000000002,17.75142857142857,0.4426619708538055,0.4639700353145599,0.1846143045043466,0.4442749619483948,0.44418625930945077,8.870263894400487e-05,8.870263894400487e-05
2024-04-15,16.95,9.74,4.49,0.8929373621940613,8,0.1746369957702162,18.530000000000012,17.52142857142857,0.4442749619483948,0.4617983102798462,0.1796256501372814,0.4659015536308288,0.4660336794455846,-0.00013212581475580132,0.00013212581475580132
2024-04-16,17.31,0.53,17.99,0.8651273250579834,8,0.169648341403151,10.450000000000014,18.0,0.4659015536308288,0.4709696769714355,0.1746369957702162,0.4514259099960327,0.4512777252991994,0.00014818469683330893,0.00014818469683330893
2024-04-17,16.91,0.05,18.47,0.8594983816146851,8,0.1646596870360858,10.500000000000014,17.064285714285713,0.4514259099960327,0.4689962565898895,0.169648341403151,0.4484793841838836,0.4484591228763262,2.0261307557389863e-05,2.0261307557389863e-05
2024-04-18,16.24,0.05,23.39,0.8565747141838074,8,0.1596710326690205,10.370000000000015,18.97571428571428,0.4484793841838836,0.4658640325069427,0.1646596870360858,0.4469640552997589,0.44688218911488853,8.186618487038277e-05,8.186618487038277e-05
2024-04-19,17.2,0.0,22.79,0.8467655777931213,8,0.1546823783019553,10.370000000000015,19.177142857142854,0.4469640552997589,0.4641819596290588,0.1596710326690205,0.4418419301509857,0.4418377036849658,4.226466019940922e-06,4.226466019940922e-06
2024-04-20,17.26,6.92,5.51,0.8838597536087036,8,0.1496937239348901,17.290000000000013,16.55,0.4418419301509857,0.4614089429378509,0.1546823783019553,0.4611767530441284,0.4613767330845197,-0.00019998004039128991,0.00019998004039128991
2024-04-21,17.34,13.69,5.06,0.8877540826797485,8,0.1447050695678249,30.98000000000001,13.957142857142856,0.4611767530441284,0.4671639502048492,0.1496937239348901,0.4632145166397095,0.4633302872379621,-0.00011577059825262914,0.00011577059825262914
2024-04-22,16.05,1.36,6.92,0.8706282377243042,8,0.1397164152007596,22.600000000000016,14.304285714285712,0.4632145166397095,0.4726511240005493,0.1447050695678249,0.454275369644165,0.45424216826756797,3.3201376597014054e-05,3.3201376597014054e-05
2024-04-23,16.63,8.61,7.55,0.8714557886123657,8,0.1347277608336944,30.68000000000001,12.812857142857142,0.454275369644165,0.4705742597579956,0.1397164152007596,0.4547019004821777,0.45462935278813044,7.254769404724248e-05,7.254769404724248e-05
2024-04-24,16.4,1.91,16.77,0.8615875840187073,8,0.1297391064666292,32.54000000000001,12.57,0.4547019004821777,0.4686653017997741,0.1347277608336944,0.4495968520641327,0.44950693647066753,8.991559346516187e-05,8.991559346516187e-05
2024-04-25,16.67,0.0,26.41,0.8533211946487427,8,0.124750452099564,32.490000000000016,13.001428571428573,0.4495968520641327,0.4672430753707886,0.1297391064666292,0.4452682435512543,0.4453173625469208,-4.911899566650835e-05,4.911899566650835e-05
2024-04-26,16.79,0.49,7.86,0.8678171634674072,8,0.127401402380091,32.98000000000002,10.868571428571428,0.4452682435512543,0.4644618332386017,0.124750452099564,0.4528353214263916,0.4529924272497495,-0.0001571058233578726,0.0001571058233578726
2024-04-27,18.3,1.45,15.76,0.861091136932373,8,0.130052352660618,27.510000000000016,12.332857142857142,0.4528353214263916,0.4645370841026306,0.127401402380091,0.4493030607700348,0.4494156988461812,-0.00011263807614642074,0.00011263807614642074
2024-04-28,19.54,0.03,18.87,0.8637303709983826,8,0.1327033029411451,13.850000000000012,14.305714285714288,0.4493030607700348,0.464998185634613,0.130052352660618,0.4506891667842865,0.4507502563794454,-6.10895951588808e-05,6.10895951588808e-05
2024-04-29,18.72,41.65,9.32,0.897830605506897,8,0.1353542532216721,54.140000000000015,14.64857142857143,0.4506891667842865,0.4634836912155151,0.1327033029411451,0.4684763252735138,0.4685008716583252,-2.454638481141913e-05,2.454638481141913e-05
2024-04-30,17.41,1.62,9.08,0.8810659050941467,8,0.1380052035021992,47.150000000000006,14.867142857142856,0.4684763252735138,0.4755721986293793,0.1353542532216721,0.4597607851028442,0.45966603179772697,9.475330511721225e-05,9.475330511721225e-05
2024-05-01,15.61,5.35,7.83,0.8899507522583008,8,0.1406561537827262,50.59000000000001,13.59,0.4597607851028442,0.4734155535697937,0.1380052035021992,0.4643458425998688,0.46442428608735403,-7.844348748525798e-05,7.844348748525798e-05
2024-05-02,15.16,0.0,22.93,0.8671779632568359,8,0.1433071040632533,50.59000000000001,13.092857142857143,0.4643458425998688,0.477378636598587,0.1406561537827262,0.4524769484996795,0.452459324101607,1.762439807251326e-05,1.762439807251326e-05
2024-05-03,17.92,0.0,26.08,0.856619656085968,8,0.1459580543437803,50.10000000000001,15.695714285714288,0.4524769484996795,0.4724975228309631,0.1433071040632533,0.4469909369945526,0.4469781310359637,1.2805958588935074e-05,1.2805958588935074e-05
2024-05-04,19.7,0.01,25.55,0.8503273725509644,8,0.1486090046243073,48.66,17.094285714285714,0.4469909369945526,0.4686362743377685,0.1459580543437803,0.4437004625797272,0.443572396337986,0.00012806624174116488,0.00012806624174116488
2024-05-05,19.64,0.62,9.9,0.8735150098800659,8,0.1512599549048344,49.25000000000001,15.812857142857142,0.4437004625797272,0.465408444404602,0.1486090046243073,0.4557677805423736,0.45572895218928655,3.882835308705035e-05,3.882835308705035e-05
2024-05-06,19.1,24.68,9.68,0.8730047345161438,8,0.1539109051853614,32.28000000000001,15.864285714285714,0.4557677805423736,0.466338038444519,0.1512599549048344,0.4555264413356781,0.4554989698529244,2.7471482753727017e-05,2.7471482753727017e-05
2024-05-07,17.66,1.86,17.74,0.8562779426574707,8,0.1565618554658885,32.52000000000001,17.101428571428574,0.4555264413356781,0.4721158742904663,0.1539109051853614,0.4468206763267517,0.44687644094228746,-5.5764615535747186e-05,5.5764615535747186e-05
2024-05-08,14.99,1.31,12.24,0.8512541055679321,8,0.1592128057464155,28.48000000000001,17.731428571428573,0.4468206763267517,0.4673462212085724,0.1565618554658885,0.4441799223423004,0.4441883534193039,-8.431077003490106e-06,8.431077003490106e-06
2024-05-09,15.16,0.0,28.56,0.8402951955795288,8,0.1618637560269426,28.48000000000001,18.535714285714285,0.4441799223423004,0.4640266597270965,0.1592128057464155,0.4384685456752777,0.43847382128238677,-5.2756071090565015e-06,5.2756071090565015e-06
2024-05-10,18.48,0.0,28.31,0.8319501280784607,8,0.1645147063074696,28.48000000000001,18.854285714285712,0.4384685456752777,0.4606545567512512,0.1618637560269426,0.4340947270393371,0.4341211974620819,-2.6470422744784283e-05,2.6470422744784283e-05
2024-05-11,19.12,0.88,19.44,0.8515007495880127,8,0.1665687753916506,29.35000000000001,17.981428571428573,0.4340947270393371,0.4573903381824493,0.1645147063074696,0.444276750087738,0.4442009460926056,7.580399513240632e-05,7.580399513240632e-05
2024-05-12,18.57,56.99,3.81,0.9113645553588868,8,0.1686228444758316,85.72000000000001,17.11142857142857,0.444276750087738,0.456558346748352,0.1665687753916506,0.4755595028400421,0.4751190050443013,0.00044049779574079073,0.00044049779574079073
2024-05-13,17.27,0.42,25.08,0.8678443431854248,8,0.1706769135600125,61.46000000000001,19.31142857142857,0.4755595028400421,0.4782465100288391,0.1686228444758316,0.4528389871120453,0.45296390930811553,-0.0001249221960702429,0.0001249221960702429
2024-05-14,17.46,0.0,30.67,0.8461353778839111,8,0.1727309826441935,59.60000000000001,21.158571428571427,0.4528389871120453,0.4739051163196563,0.1706769135600125,0.4415283203125,0.4415282131234805,1.0718901949369197e-07,1.0718901949369197e-07
2024-05-15,18.48,0.02,22.4,0.8459539413452148,8,0.1747850517283744,58.31,22.610000000000003,0.4415283203125,0.4671735763549804,0.1727309826441935,0.4414392411708832,0.44142936209837597,9.879072507212872e-06,9.879072507212872e-06
2024-05-16,16.37,0.5,27.87,0.8423684239387512,8,0.1768391208125554,58.81,22.51142857142857,0.4414392411708832,0.4633624255657196,0.1747850517283744,0.4395433664321899,0.4394952536622683,4.8112769921559995e-05,4.8112769921559995e-05
2024-05-17,19.0,0.0,29.26,0.8327598571777344,8,0.1788931898967364,58.81,22.647142857142857,0.4395433664321899,0.4594183564186096,0.1768391208125554,0.4345433712005615,0.43453471302986146,8.65817070005992e-06,8.65817070005992e-06
2024-05-18,20.11,0.0,29.02,0.8204874992370605,8,0.1809472589809173,57.93000000000001,24.01571428571429,0.4345433712005615,0.4557563364505768,0.1788931898967364,0.4281240105628967,0.42813723226388295,-1.322170098627673e-05,1.322170098627673e-05
2024-05-19,19.61,0.05,28.11,0.8247920870780945,8,0.1830013280650983,0.9900000000000072,27.487142857142857,0.4281240105628967,0.4523256421089172,0.1809472589809173,0.4303716123104095,0.4304191143314044,-4.750202099490508e-05,4.750202099490508e-05
2024-05-20,19.53,0.25,21.78,0.8194950222969055,8,0.1850553971492793,0.8200000000000072,27.015714285714285,0.4303716123104095,0.4498353600502014,0.1830013280650983,0.4276176691055298,0.42759277661641437,2.489248911541342e-05,2.489248911541342e-05
2024-05-21,19.27,0.0,26.21,0.8169599175453186,8,0.1871094662334602,0.8200000000000072,26.37857142857143,0.4276176691055298,0.4474422037601471,0.1850553971492793,0.4263012707233429,0.4262830882271131,1.8182496229812717e-05,1.8182496229812717e-05
2024-05-22,19.49,0.01,12.51,0.8204152584075928,8,0.1891635353176412,0.810000000000007,24.965714285714284,0.4263012707233429,0.4452584385871887,0.1871094662334602,0.4280823171138763,0.4281039666136106,-2.1649499734321953e-05,2.1649499734321953e-05
2024-05-23,21.38,0.0,15.97,0.8212458491325378,8,0.1912176044018222,0.3100000000000071,23.265714285714285,0.4280823171138763,0.4441678524017334,0.1891635353176412,0.4285329282283783,0.4285038534800212,2.907474835711632e-05,2.907474835711632e-05
2024-05-24,19.73,0.21,18.31,0.8133471012115479,8,0.1932716734860032,0.5200000000000071,21.70142857142857,0.4285329282283783,0.4433159530162811,0.1912176044018222,0.4244053363800049,0.42440878103176755,-3.4446517626629536e-06,3.4446517626629536e-06
2024-05-25,19.6,0.0,25.67,0.8043923377990723,8,0.1953257425701841,0.5200000000000071,21.222857142857144,0.4244053363800049,0.4414750933647156,0.1932716734860032,0.4197131693363189,0.4197497752308845,-3.660589456561114e-05,3.660589456561114e-05
2024-05-26,21.5,16.05,22.08,0.8579007983207703,8,0.2037484746904917,16.520000000000007,20.36142857142857,0.4197131693363189,0.4390458464622497,0.1953257425701841,0.4476674795150757,0.4476839781800906,-1.649866501490793e-05,1.649866501490793e-05
2024-05-27,20.68,17.08,8.03,0.8849191069602966,8,0.2121712068107993,33.35000000000001,18.397142857142857,0.4476674795150757,0.4478457868099212,0.2037484746904917,0.4617779552936554,0.46159954408804577,0.00017841120560962986,0.00017841120560962986
2024-05-28,17.8,30.41,9.92,0.871536374092102,8,0.220593938931107,63.760000000000005,16.07,0.4617779552936554,0.4594237804412842,0.2121712068107993,0.4547364711761474,0.4547142071525256,2.2264023621820783e-05,2.2264023621820783e-05
2024-05-29,18.65,0.0,30.73,0.8409029245376587,8,0.2290166710514146,63.75000000000001,18.67285714285714,0.4547364711761474,0.4698580503463745,0.220593938931107,0.4387774765491485,0.43875434825817744,2.3128290971063947e-05,2.3128290971063947e-05
2024-05-30,20.02,0.0,17.43,0.8491001725196838,8,0.2374394031717222,63.75000000000001,18.881428571428568,0.4387774765491485,0.459631085395813,0.2290166710514146,0.4430563747882843,0.44304785470167796,8.520086606345068e-06,8.520086606345068e-06
2024-05-31,19.01,6.2,15.55,0.849860668182373,8,0.2458621352920298,69.74000000000001,18.487142857142857,0.4430563747882843,0.456540048122406,0.2374394031717222,0.4434509873390198,0.44346905877192816,-1.80714329083842e-05,1.80714329083842e-05
2024-06-01,20.15,0.19,24.0,0.8359499573707581,8,0.2542848674123374,69.93,18.24857142857143,0.4434509873390198,0.4580096006393432,0.2458621352920298,0.4361947476863861,0.4362181762854258,-2.342859903969874e-05,2.342859903969874e-05
2024-06-02,19.03,0.4,20.05,0.8291686177253723,8,0.2627075995326451,54.28000000000001,17.958571428571428,0.4361947476863861,0.4542882144451141,0.2542848674123374,0.432651162147522,0.4325526534517606,9.85086957613901e-05,9.85086957613901e-05
2024-06-03,18.94,0.2,26.86,0.8217589259147644,8,0.2711303316529527,37.400000000000006,20.648571428571437,0.432651162147522,0.4518383145332336,0.2627075995326451,0.4288074076175689,0.42879612316687904,1.1284450689874603e-05,1.1284450689874603e-05
2024-06-04,18.94,0.91,25.9,0.8231769800186157,8,0.2795530637732603,7.900000000000007,22.93142857142857,0.4288074076175689,0.4492065012454986,0.2711303316529527,0.4295383095741272,0.42946988145510356,6.842811902363355e-05,6.842811902363355e-05
2024-06-05,19.98,0.04,25.42,0.8200885653495789,8,0.2797405181206048,7.940000000000007,22.172857142857143,0.4295383095741272,0.4470299482345581,0.2795530637732603,0.4279231131076813,0.4278930626312892,3.0050476392096126e-05,3.0050476392096126e-05
2024-06-06,20.88,0.05,16.58,0.8164620399475098,8,0.2799279724679492,7.990000000000007,22.05142857142857,0.4279231131076813,0.4446702003479004,0.2797405181206048,0.4260320365428924,0.4259540734688441,7.796307404828173e-05,7.796307404828173e-05
2024-06-07,21.93,0.28,22.52,0.8027219772338867,8,0.2801154268152936,2.0700000000000074,23.04714285714286,0.4260320365428924,0.4433216154575348,0.2799279724679492,0.4188448190689087,0.41887496232986443,-3.0143260955739493e-05,3.0143260955739493e-05
2024-06-08,21.87,22.6,10.04,0.8458894491195679,8,0.2803028811626381,24.480000000000008,21.052857142857142,0.4188448190689087,0.4406741559505462,0.2801154268152936,0.4413799047470093,0.44140912503004076,-2.9220283031483607e-05,2.9220283031483607e-05
2024-06-09,21.01,24.55,10.31,0.8428233861923218,8,0.2804903355099826,48.63000000000001,19.66142857142857,0.4413799047470093,0.4441530108451843,0.2803028811626381,0.4397793710231781,0.43972652663787204,5.284438530606117e-05,5.284438530606117e-05
2024-06-10,21.81,0.32,20.73,0.817596435546875,8,0.280677789857327,48.75000000000001,18.785714285714285,0.4397793710231781,0.4479088187217712,0.2804903355099826,0.4265899062156677,0.42667779872814815,-8.789251248042529e-05,8.789251248042529e-05
2024-06-11,22.42,0.08,21.3,0.8066499829292297,8,0.2808652442046714,47.92000000000001,18.128571428571423,0.4265899062156677,0.4444136023521423,0.280677789857327,0.4209066331386566,0.42095906535784405,-5.2432219187437124e-05,5.2432219187437124e-05
2024-06-12,23.3,0.07,23.47,0.8036003112792969,8,0.2810526985520159,47.95000000000001,17.849999999999998,0.4209066331386566,0.4413436651229858,0.2808652442046714,0.4193171262741089,0.41935395906368894,-3.683278958005465e-05,3.683278958005465e-05
2024-06-13,23.79,0.04,28.37,0.793226957321167,8,0.2812401528993603,47.940000000000005,19.53428571428572,0.4193171262741089,0.4389455914497375,0.2810526985520159,0.4138941466808319,0.4138584692279498,3.567745288213242e-05,3.567745288213242e-05
2024-06-14,24.97,0.43,22.97,0.791530966758728,8,0.2814276072467048,48.09,19.59857142857143,0.4138941466808319,0.4363049268722534,0.2812401528993603,0.4130147695541382,0.41300752143065134,7.248123486847113e-06,7.248123486847113e-06
2024-06-15,24.57,0.03,20.22,0.7920956015586853,8,0.2867025125214185,25.520000000000007,21.052857142857142,0.4130147695541382,0.4340481758117676,0.2814276072467048,0.4133229851722717,0.41334404587745666,-2.1060705184983153e-05,2.1060705184983153e-05
2024-06-16,23.89,0.28,21.15,0.8130673766136169,8,0.2919774177961323,1.250000000000007,22.60142857142857,0.4133229851722717,0.4321305751800537,0.2867025125214185,0.4242537021636963,0.4242458686232567,7.83354043959461e-06,7.83354043959461e-06
2024-06-17,23.13,32.81,6.78,0.8694275617599487,8,0.297252323070846,33.74000000000001,20.60857142857143,0.4242537021636963,0.4323258996009826,0.2919774177961323,0.4536595046520233,0.45364849587281547,1.1008779207843933e-05,1.1008779207843933e-05
2024-06-18,22.63,7.56,27.2,0.8317760229110718,8,0.3025272283455597,41.22000000000001,21.45142857142857,0.4536595046520233,0.4474311470985412,0.297252323070846,0.4340498447418213,0.4340953958034515,-4.555106163023348e-05,4.555106163023348e-05
2024-06-19,24.64,0.01,24.01,0.8104419708251953,8,0.3078021336202735,41.16000000000001,21.52857142857143,0.4340498447418213,0.4508640766143799,0.3025272283455597,0.4229117631912231,0.4228546836972237,5.707949399941237e-05,5.707949399941237e-05
2024-06-20,22.64,25.57,4.42,0.8809192180633545,8,0.3130770388949872,66.69000000000001,18.107142857142858,0.4229117631912231,0.4426232874393463,0.3078021336202735,0.4596570432186126,0.45962431937456133,3.272384405128559e-05,3.272384405128559e-05
2024-06-21,22.95,5.02,20.6,0.8549053072929382,8,0.318351944169701,71.28,17.768571428571427,0.4596570432186126,0.4559248983860016,0.3130770388949872,0.4460805356502533,0.4462455247839292,-0.00016498913367590795,0.00016498913367590795
2024-06-22,24.89,32.79,5.61,0.890823483467102,8,0.3236268494444147,104.04,15.681428571428572,0.4460805356502533,0.463596761226654,0.318351944169701,0.46480393409729,0.46486417959133786,-6.0245494047872494e-05,6.0245494047872494e-05
2024-06-23,24.72,31.87,4.5,0.8959736824035645,8,0.3289017547191284,135.63,13.302857142857144,0.46480393409729,0.4683982133865356,0.3236268494444147,0.4675390124320984,0.4676536056399345,-0.00011459320783613336,0.00011459320783613336
2024-06-24,23.97,1.81,10.09,0.8731073141098022,8,0.3341766599938422,104.63,13.775714285714288,0.4675390124320984,0.4753176569938659,0.3289017547191284,0.4555872678756714,0.45552731047074,5.995740493136559e-05,5.995740493136559e-05
2024-06-25,23.38,4.17,7.95,0.8848025798797607,8,0.3394515652685559,101.24,11.025714285714288,0.4555872678756714,0.4702518284320831,0.3341766599938422,0.4617053568363189,0.4616341934601466,7.116337617230073e-05,7.116337617230073e-05
2024-06-26,22.7,2.51,8.4,0.8796130418777466,8,0.3447264705432696,103.74,8.795714285714286,0.4617053568363189,0.4706102609634399,0.3394515652685559,0.4589670598506927,0.45865974803765613,0.0003073118130365593,0.0003073118130365593
2024-06-27,22.7,35.03,4.88,0.9193158745765686,8,0.3500013758179834,113.20000000000002,8.861428571428572,0.4589670598506927,0.4702853560447693,0.3447264705432696,0.4796870350837707,0.4797945228219032,-0.00010748773813251677,0.00010748773813251677
2024-06-28,23.59,8.22,10.71,0.8957910537719727,8,0.3552762810926971,116.4,7.448571428571428,0.4796870350837707,0.4833757877349853,0.3500013758179834,0.4673666656017303,0.4672960463166237,7.061928510659898e-05,7.061928510659898e-05
2024-06-29,24.21,12.71,9.45,0.918692708015442,8,0.3605511863674109,96.32000000000002,7.997142857142857,0.4673666656017303,0.4861262738704681,0.3552762810926971,0.4793590903282165,0.47929795175790785,6.113857030864978e-05,6.113857030864978e-05
2024-06-30,25.34,42.16,8.78,0.9309003353118896,8,0.3658260916421246,106.61,8.608571428571429,0.4793590903282165,0.4890025556087494,0.3605511863674109,0.4857392609119415,0.4855188322067261,0.00022042870521538083,0.00022042870521538083
2024-07-01,24.75,60.07,5.23,0.9400724768638612,8,0.3711009969168384,164.87,7.9142857142857155,0.4857392609119415,0.4969933331012726,0.3658260916421246,0.4905332028865814,0.4905735430121422,-4.034012556075606e-05,4.034012556075606e-05
2024-07-02,26.21,30.73,17.41,0.923719882965088,8,0.3763759021915521,191.43,9.265714285714283,0.4905332028865814,0.5057972073554993,0.3711009969168384,0.4819900095462799,0.481991834739844,-1.8251935641200312e-06,1.8251935641200312e-06
2024-07-03,26.99,0.35,22.96,0.9061065912246704,8,0.3816508074662659,189.27,11.345714285714283,0.4819900095462799,0.5004482865333557,0.3763759021915521,0.4727949500083923,0.47274116228024166,5.3787728150622716e-05,5.3787728150622716e-05
2024-07-04,26.69,1.22,17.09,0.8975214958190918,8,0.3869257127409796,155.46,13.09,0.4727949500083923,0.4942133724689483,0.3816508074662659,0.4683087766170501,0.4682851897676786,2.3586849371537433e-05,2.3586849371537433e-05
2024-07-05,26.8,0.26,17.96,0.8876782059669495,8,0.3922006180156933,147.5,14.125714285714285,0.4683087766170501,0.4894477725028991,0.3869257127409796,0.4631857275962829,0.4632963092128436,-0.00011058161656068988,0.00011058161656068988
2024-07-06,27.52,0.1,23.23,0.8771491646766663,8,0.3974755232904071,134.89,16.094285714285714,0.4631857275962829,0.4851165413856506,0.3922006180156933,0.457698792219162,0.4575436255335808,0.0001551666855811873,0.0001551666855811873
2024-07-07,27.66,0.04,22.73,0.8713412880897522,8,0.4027504285651208,92.77000000000002,18.087142857142855,0.457698792219162,0.4807891845703125,0.3974755232904071,0.4546690881252289,0.45462395399808886,4.513412714002296e-05,4.513412714002296e-05
2024-07-08,27.66,0.09,22.97,0.8676784038543701,8,0.4080253338398345,32.79000000000001,20.62142857142857,0.4546690881252289,0.4765604734420776,0.4027504285651208,0.4527516365051269,0.4529159453511238,-0.00016430884599688556,0.00016430884599688556
2024-07-09,27.49,0.19,21.53,0.8680521845817566,8,0.4133002391145483,2.250000000000014,21.21,0.4527516365051269,0.4728099703788757,0.4080253338398345,0.4529224634170532,0.45297290672858553,-5.0443311532311075e-05,5.0443311532311075e-05
2024-07-10,26.98,26.02,9.27,0.910952925682068,8,0.418575144389262,27.92000000000001,19.254285714285714,0.4529224634170532,0.4699537456035614,0.4133002391145483,0.4753156900405884,0.47521639833847684,9.929170211153693e-05,9.929170211153693e-05
2024-07-11,25.36,68.09,7.58,0.9235328435897828,8,0.4238500496639757,94.79000000000002,17.895714285714288,0.4753156900405884,0.4784587621688843,0.418575144389262,0.4819160401821136,0.48197498013575873,-5.893995364514293e-05,5.893995364514293e-05
2024-07-12,25.43,2.57,17.52,0.8946396708488464,8,0.4291249549386895,97.1,17.832857142857144,0.4819160401821136,0.493021160364151,0.4238500496639757,0.4667948484420776,0.4669412578145663,-0.00014640937248872055,0.00014640937248872055
2024-07-13,26.07,10.99,13.13,0.9239485263824464,8,0.4343998602134032,107.99000000000002,16.389999999999997,0.4667948484420776,0.4890520870685577,0.4291249549386895,0.482125461101532,0.48210445056358975,2.1010537942234286e-05,2.1010537942234286e-05
2024-07-14,25.58,29.86,4.06,0.9512941837310792,8,0.439674765488117,137.81,13.722857142857142,0.482125461101532,0.4914336204528808,0.4343998602134032,0.4964039921760559,0.49702714681625365,-0.0006231546401977428,0.0006231546401977428
2024-07-15,25.98,73.66,9.06,0.9482596516609192,8,0.6437345740683281,211.38,11.735714285714286,0.4964039921760559,0.5057083368301392,0.439674765488117,0.4947826266288757,0.49516789376735687,-0.00038526713848119343,0.00038526713848119343
2024-07-16,26.0,15.07,13.84,0.9371777772903442,8,0.5910292424246486,226.26,10.63714285714286,0.4947826266288757,0.5142875909805298,0.6437345740683281,0.4890332221984863,0.48899984985589984,3.337234258643518e-05,3.337234258643518e-05
2024-07-17,27.55,0.11,23.83,0.9220426082611084,8,0.5383239107809691,200.35,12.717142857142855,0.4890332221984863,0.5081571340560913,0.5910292424246486,0.4810784757137298,0.4810221965114276,5.627920230222294e-05,5.627920230222294e-05
2024-07-18,27.75,2.19,17.61,0.9114638566970824,8,0.4856185791372896,134.45,14.15,0.4810784757137298,0.5029404163360596,0.5383239107809691,0.4756177961826324,0.4761930912733078,-0.0005752950906753873,0.0005752950906753873
2024-07-19,27.7,12.39,17.13,0.946151852607727,8,0.4329132474936101,144.27,14.094285714285714,0.4756177961826324,0.4987551271915436,0.4856185791372896,0.4937295019626617,0.49430441836516065,-0.0005749164024989595,0.0005749164024989595
2024-07-20,28.11,12.23,23.15,0.9230350852012634,8,0.5001935404270588,145.51000000000002,15.525714285714288,0.4937295019626617,0.5052100419998169,0.4329132474936101,0.4816368222236633,0.4819026867548625,-0.0002658645311992003,0.0002658645311992003
2024-07-21,28.37,1.95,19.56,0.9185521006584167,8,0.5674738333605075,117.6,17.74,0.4816368222236633,0.5029228925704956,0.5001935404270588,0.4793000817298889,0.4789399929841359,0.00036008874575299554,0.00036008874575299554
2024-07-22,28.76,1.08,24.73,0.901280403137207,8,0.6347541262939562,45.02000000000002,19.978571428571428,0.4793000817298889,0.4981751143932342,0.5674738333605075,0.4702887237071991,0.47009037842353185,0.00019834528366724502,0.00019834528366724502
2024-07-23,28.62,3.3,22.25,0.9107025265693665,8,0.702034419227405,33.250000000000014,21.18,0.4702887237071991,0.493519127368927,0.6347541262939562,0.4752061367034912,0.47507822026809055,0.00012791643540066566,0.00012791643540066566
2024-07-24,28.5,5.59,13.28,0.9072087407112122,8,0.7693147121608537,38.73000000000002,19.67285714285714,0.4752061367034912,0.4911808967590332,0.702034419227405,0.4733753800392151,0.47359304000933966,-0.00021765997012457294,0.00021765997012457294
2024-07-25,29.49,4.66,23.37,0.8869714736938477,8,0.5694127448132206,41.20000000000002,20.49571428571429,0.4733753800392151,0.4900096654891968,0.7693147121608537,0.4628199338912964,0.46283965855836867,-1.972466707228504e-05,1.972466707228504e-05
2024-07-26,28.88,4.52,17.93,0.8885804414749146,8,0.5269902336343665,33.33000000000001,20.61,0.4628199338912964,0.4858653843402862,0.5694127448132206,0.4636598825454712,0.4635899597406387,6.992280483247848e-05,6.992280483247848e-05
2024-07-27,29.5,1.38,24.52,0.8711516857147217,8,0.4845677224555124,22.48000000000001,20.805714285714284,0.4636598825454712,0.4829220175743103,0.5269902336343665,0.454586923122406,0.45463702658812205,-5.010346571604485e-05,5.010346571604485e-05
2024-07-28,29.33,0.16,25.88,0.8617376685142517,8,0.4421452112766583,20.690000000000012,21.708571428571428,0.454586923122406,0.4789896011352539,0.4845677224555124,0.4496541023254394,0.4496802451213201,-2.6142795880701453e-05,2.6142795880701453e-05
2024-07-29,29.03,0.07,26.23,0.8595032095909119,8,0.5187983446088231,19.68000000000001,21.922857142857143,0.4496541023254394,0.4749929904937744,0.4421452112766583,0.4484555125236511,0.44842758526404697,2.7927259604154653e-05,2.7927259604154653e-05
2024-07-30,28.79,0.16,25.96,0.8535951972007751,8,0.5119297750893035,16.540000000000017,22.45285714285714,0.4484555125236511,0.4714787602424621,0.5187983446088231,0.4454149007797241,0.44550052285194397,-8.562207221984863e-05,8.562207221984863e-05
2024-07-31,29.08,0.0,26.24,0.8456775546073914,8,0.505061205569784,10.950000000000014,24.304285714285715,0.4454149007797241,0.4680293202400207,0.5119297750893035,0.441249132156372,0.44126400689284007,-1.4874736468051264e-05,1.4874736468051264e-05
2024-08-01,29.48,0.0,24.72,0.839448094367981,8,0.4981926360502643,6.290000000000013,24.49714285714285,0.441249132156372,0.4644834399223327,0.505061205569784,0.4380414485931396,0.4379743352532387,6.711333990089274e-05,6.711333990089274e-05
2024-08-02,29.79,0.0,25.71,0.8315354585647583,8,0.4913240665307448,1.7700000000000142,25.60857142857143,0.4380414485931396,0.461083322763443,0.4981926360502643,0.433881014585495,0.4338743520776431,6.662507851917798e-06,6.662507851917798e-06
2024-08-03,30.04,0.19,24.29,0.8278259634971619,8,0.4844554970112252,0.5800000000000143,25.575714285714287,0.433881014585495,0.4576341509819031,0.4913240665307448,0.4319460391998291,0.43198931326468787,-4.327406485876706e-05,4.327406485876706e-05
2024-08-04,30.1,1.36,22.73,0.8195785880088806,8,0.4745653582639245,1.7800000000000145,25.125714285714285,0.4319460391998291,0.4546833634376526,0.4844554970112252,0.427632212638855,0.4276315517226855,6.609161694592913e-07,6.609161694592913e-07
2024-08-05,29.78,1.48,20.79,0.8193470239639282,8,0.4646752195166237,3.190000000000014,24.34857142857143,0.427632212638855,0.4517685174942016,0.4745653582639245,0.4275809228420257,0.42756795316934587,1.2969672679830069e-05,1.2969672679830069e-05
2024-08-06,29.21,0.24,24.79,0.8100543022155762,8,0.454785080769323,3.2700000000000147,24.18142857142857,0.4275809228420257,0.4491462707519531,0.4646752195166237,0.4226683974266052,0.4226862806081772,-1.7883181571975992e-05,1.7883181571975992e-05
2024-08-07,29.25,0.24,25.59,0.8072191476821899,8,0.4448949420220223,3.5100000000000144,24.08857142857143,0.4226683974266052,0.4463002681732178,0.454785080769323,0.421191930770874,0.4212144473195076,-2.2516548633555455e-05,2.2516548633555455e-05
2024-08-08,29.97,0.37,26.43,0.7964921593666077,8,0.4350048032747216,3.880000000000014,24.33285714285714,0.421191930770874,0.4436622858047485,0.4448949420220223,0.4156416952610016,0.41557769109805426,6.400416294732869e-05,6.400416294732869e-05
2024-08-09,29.59,1.65,20.85,0.7985897064208984,8,0.4299747812915092,5.530000000000014,23.638571428571428,0.4156416952610016,0.4405185282230377,0.4350048032747216,0.4166952967643738,0.41673472434282305,-3.942757844926925e-05,3.942757844926925e-05
2024-08-10,29.03,0.0,25.51,0.796168327331543,8,0.4249447593082968,5.340000000000014,23.812857142857144,0.4166952967643738,0.4383844435214996,0.4299747812915092,0.4154089391231537,0.4154429426789284,-3.4003555774708705e-05,3.4003555774708705e-05
2024-08-11,28.36,0.01,26.46,0.784770667552948,8,0.4199147373250844,3.990000000000014,24.345714285714287,0.4154089391231537,0.4360936880111694,0.4249447593082968,0.4094951748847961,0.40950053493181865,-5.36004702256232e-06,5.36004702256232e-06
2024-08-12,28.33,0.01,24.71,0.7829676866531372,8,0.4148847153418719,2.5200000000000142,24.90571428571429,0.4094951748847961,0.4334045946598053,0.4199147373250844,0.4085370302200317,0.40852466175953545,1.2368460496237077e-05,1.2368460496237077e-05
2024-08-13,28.52,0.5,23.81,0.7795462608337402,8,0.4098546933586595,2.7800000000000145,24.76571428571429,0.4085370302200317,0.4310353398323059,0.4148847153418719,0.4067629873752594,0.4067607272664706,2.2601087887874627e-06,2.2601087887874627e-06
2024-08-14,29.16,1.98,23.24,0.7802319526672363,8,0.3836602172656487,4.520000000000014,24.43,0.4067629873752594,0.4287879467010498,0.4098546933586595,0.4071275591850281,0.407141037384669,-1.3478199640926114e-05,1.3478199640926114e-05
2024-08-15,28.93,1.52,21.49,0.7762272357940674,8,0.3574657411726379,5.670000000000014,23.724285714285717,0.4071275591850281,0.4267871379852295,0.3836602172656487,0.4050129950046539,0.4050311353802681,-1.8140375614206228e-05,1.8140375614206228e-05
2024-08-16,28.41,0.24,22.6,0.7745164036750793,8,0.3312712650796271,4.260000000000014,23.974285714285717,0.4050129950046539,0.4247498512268066,0.3574657411726379,0.4041413068771362,0.4041510166724523,-9.709795316115155e-06,9.709795316115155e-06
2024-08-17,28.17,0.01,24.73,0.7694247364997864,8,0.3050767889866163,4.270000000000014,23.86285714285714,0.4041413068771362,0.4231264293193817,0.3312712650796271,0.4014842808246612,0.40147592653830844,8.35428635276303e-06,8.35428635276303e-06
2024-08-18,28.62,0.98,21.88,0.7762864828109741,8,0.2788823128936055,5.240000000000014,23.208571428571425,0.4014842808246612,0.4211826622486114,0.3050767889866163,0.4050671458244324,0.4050454013546308,2.1744469801576738e-05,2.1744469801576738e-05
2024-08-19,28.99,4.57,16.77,0.8025910258293152,8,0.2703225149851971,9.800000000000017,22.07428571428571,0.4050671458244324,0.4197603762149811,0.2788823128936055,0.4187793731689453,0.4188295808434486,-5.020767450331087e-05,5.020767450331087e-05
2024-08-20,29.22,2.04,21.98,0.7810009121894836,8,0.2617627170767888,11.340000000000014,21.812857142857144,0.4187793731689453,0.4209078550338745,0.2703225149851971,0.4075702428817749,0.4075221912066142,4.8051675160698526e-05,4.8051675160698526e-05
2024-08-21,29.96,0.74,21.9,0.7613537907600403,8,0.2532029191683804,10.100000000000014,21.62142857142857,0.4075702428817749,0.4199760556221008,0.2617627170767888,0.3972918689250946,0.39729422599077224,-2.3570656776383814e-06,2.3570656776383814e-06
2024-08-22,29.92,1.94,20.81,0.7562254071235657,8,0.2446431212599721,10.520000000000016,21.524285714285718,0.3972918689250946,0.4170119166374206,0.2532029191683804,0.3946243524551391,0.39458599299192426,3.835946321484318e-05,3.835946321484318e-05
2024-08-23,30.02,3.24,19.54,0.7521576881408691,8,0.2360833233515637,13.520000000000014,21.08714285714285,0.3946243524551391,0.4147776663303375,0.2446431212599721,0.3924642205238342,0.3924735426902771,-9.32216644294881e-06,9.32216644294881e-06
2024-08-24,29.92,6.52,19.2,0.7501055598258972,8,0.2275235254431553,20.030000000000012,20.297142857142852,0.3924642205238342,0.4129184186458587,0.2360833233515637,0.3913989961147308,0.39139607598384224,2.920130888539596e-06,2.920130888539596e-06
2024-08-25,29.55,12.33,15.48,0.7915867567062378,8,0.218963727534747,31.380000000000013,19.382857142857144,0.3913989961147308,0.4114596247673034,0.2275235254431553,0.4130748808383941,0.41304011702537535,3.476381301875664e-05,3.476381301875664e-05
2024-08-26,29.83,1.52,23.63,0.7622898817062378,8,0.2104039296263386,28.330000000000013,20.36285714285714,0.4130748808383941,0.4139194190502167,0.218963727534747,0.3977589309215545,0.3977755861481031,-1.6655226548589752e-05,1.6655226548589752e-05
2024-08-27,29.37,6.02,21.33,0.7629651427268982,8,0.2018441317179302,32.31000000000002,20.27,0.3977589309215545,0.4127651751041412,0.2104039296263386,0.3981263041496277,0.39810240536928176,2.389878034592119e-05,2.389878034592119e-05
2024-08-28,28.3,17.94,9.43,0.8693178296089172,8,0.1932843338095219,49.51000000000001,18.488571428571426,0.3981263041496277,0.4105396270751953,0.2018441317179302,0.4535959959030151,0.4536175125837326,-2.1516680717537096e-05,2.1516680717537096e-05
2024-08-29,27.64,81.77,3.79,0.9494506120681764,8,0.1847245359011135,129.34,16.057142857142857,0.4535959959030151,0.4299773573875427,0.1932843338095219,0.4954304099082947,0.49495543231566747,0.0004749775926272126,0.0004749775926272126
2024-08-30,28.19,30.3,5.1,0.9084427952766418,8,0.1761647379927052,156.40000000000003,13.994285714285713,0.4954304099082947,0.4821989834308624,0.1847245359011135,0.474019318819046,0.47398263573646543,3.668308258059083e-05,3.668308258059083e-05
2024-08-31,27.94,0.88,23.64,0.8589860200881958,8,0.1676049400842968,150.76000000000002,14.628571428571428,0.474019318819046,0.4852311611175537,0.1761647379927052,0.448213130235672,0.4483072718977928,-9.414166212079467e-05,9.414166212079467e-05
2024-09-01,27.12,0.04,23.91,0.8375443816184998,8,0.1590451421758885,138.47000000000003,15.832857142857142,0.448213130235672,0.4671690762042999,0.1676049400842968,0.4370381236076355,0.43702283889055255,1.528471708295287e-05,1.528471708295287e-05
2024-09-02,27.27,0.01,21.81,0.8234553337097168,8,0.1504853442674801,136.96,15.572857142857142,0.4370381236076355,0.4582408964633941,0.1590451421758885,0.4297104179859161,0.4297362344463666,-2.5816460450522882e-05,2.5816460450522882e-05
2024-09-03,27.13,0.08,20.73,0.8234487771987915,8,0.1419255463590717,131.02,15.487142857142858,0.4297104179859161,0.4533005356788635,0.1504853442674801,0.429686427116394,0.42972703983386357,-4.0612717469579174e-05,4.0612717469579174e-05
2024-09-04,26.88,0.05,22.19,0.8205314874649048,8,0.1333657484506634,113.13,17.31,0.429686427116394,0.4501317143440246,0.1419255463590717,0.4281539022922516,0.42814784477154416,6.057520707425379e-06,6.057520707425379e-06
2024-09-05,27.16,0.02,21.78,0.8108290433883667,8,0.124805950542255,31.380000000000027,19.88,0.4281539022922516,0.4475943148136139,0.1333657484506634,0.423102468252182,0.4230834670861562,1.900116602582269e-05,1.900116602582269e-05
2024-09-06,27.81,0.01,21.55,0.8034529685974121,8,0.1162461526338466,1.0900000000000285,22.23,0.423102468252182,0.4449833333492279,0.124805950542255,0.4192303717136383,0.41922518173853557,5.189975102737332e-06,5.189975102737332e-06
2024-09-07,28.07,0.12,21.27,0.798774003982544,8,0.1076863547254382,0.3300000000000284,21.891428571428573,0.4192303717136383,0.4424331784248352,0.1162461526338466,0.4168161749839782,0.41678692241509757,2.9252568880644425e-05,2.9252568880644425e-05
2024-09-08,28.07,0.01,22.24,0.7972682118415833,8,0.105824034777875,0.3000000000000284,21.65285714285714,0.4168161749839782,0.4400106370449066,0.1076863547254382,0.4160157442092895,0.4160184023777644,-2.658168474889422e-06,2.658168474889422e-06
2024-09-09,28.71,0.04,22.43,0.7940280437469482,8,0.1039617148303118,0.3300000000000284,21.74142857142857,0.4160157442092895,0.4377913773059845,0.105824034777875,0.4143491685390472,0.4143301394581795,1.902908086770516e-05,1.902908086770516e-05
2024-09-10,29.05,1.4,18.17,0.8110734224319458,8,0.1020993948827486,1.6500000000000283,21.375714285714285,0.4143491685390472,0.4356725513935089,0.1039617148303118,0.4232402443885803,0.4232202180226644,2.0026365915915e-05,2.0026365915915e-05
2024-09-11,29.06,1.52,17.21,0.806624174118042,8,0.1002370749351853,3.1200000000000285,20.664285714285715,0.4232402443885803,0.434832215309143,0.1020993948827486,0.420877456665039,0.4209595575928688,-8.210092782978684e-05,8.210092782978684e-05
2024-09-12,28.82,0.99,20.22,0.7888794541358948,8,0.0983747549876221,4.090000000000028,20.44142857142857,0.420877456665039,0.4337520599365234,0.1002370749351853,0.4116417169570923,0.4116519671678543,-1.0250210762008383e-05,1.0250210762008383e-05
2024-09-13,29.08,0.74,21.93,0.7792304754257202,8,0.0965124350400589,4.820000000000029,20.49571428571429,0.4116417169570923,0.4312870502471924,0.0983747549876221,0.4065966606140136,0.40660715401172637,-1.0493397712751928e-05,1.0493397712751928e-05
2024-09-14,28.81,0.24,20.47,0.7896831035614014,8,0.0946501150924957,4.940000000000028,20.381428571428568,0.4065966606140136,0.4286788403987884,0.0965124350400589,0.4120556712150574,0.41204014112552007,1.5530089537307834e-05,1.5530089537307834e-05
2024-09-15,29.24,1.34,17.39,0.7906251549720764,8,0.0927877951449324,6.270000000000029,19.68857142857143,0.4120556712150574,0.4269553422927856,0.0946501150924957,0.4125507175922394,0.4125325229763985,1.8194615840905204e-05,1.8194615840905204e-05
2024-09-16,29.28,2.6,17.36,0.7805988788604736,8,0.0909254751973692,8.830000000000028,18.964285714285715,0.4125507175922394,0.42580646276474,0.0927877951449324,0.4073069989681244,0.4073130848010381,-6.085832913726996e-06,6.085832913726996e-06
2024-09-17,29.16,0.28,21.19,0.7703112363815308,8,0.089063155249806,7.710000000000028,19.395714285714288,0.4073069989681244,0.4240145683288574,0.0909254751973692,0.4019313156604767,0.4019618892669678,-3.057360649111329e-05,3.057360649111329e-05
2024-09-18,29.02,1.46,20.73,0.7674267292022705,8,0.0892681188495139,7.650000000000029,19.898571428571422,0.4019313156604767,0.4217514097690582,0.089063155249806,0.4004572033882141,0.40045506954193116,2.133846282947882e-06,2.133846282947882e-06
2024-09-19,29.37,1.3,20.06,0.7657326459884644,8,0.0894730824492218,7.960000000000028,19.875714285714285,0.4004572033882141,0.4197615683078766,0.0892681188495139,0.3995427191257477,0.3995397582650185,2.960860729206427e-06,2.960860729206427e-06
2024-09-20,28.47,4.01,13.73,0.7760815024375916,8,0.0896780460489298,11.230000000000029,18.704285714285717,0.3995427191257477,0.418214350938797,0.0894730824492218,0.4049583673477173,0.4049557097752889,2.6575724283994795e-06,2.6575724283994795e-06
2024-09-21,27.71,30.95,10.9,0.8527966141700745,8,0.0898830096486377,41.940000000000026,17.337142857142858,0.4049583673477173,0.4175774455070495,0.0896780460489298,0.4449476599693298,0.4449977240959803,-5.006412665053972e-05,5.006412665053972e-05
2024-09-22,26.18,136.93,9.91,0.8330281972885132,8,0.0900879732483457,177.53000000000003,16.26857142857143,0.4449476599693298,0.4300019443035126,0.0898830096486377,0.4346597790718078,0.43461405485868454,4.572421312326602e-05,4.572421312326602e-05
2024-09-23,24.17,0.21,17.44,0.7962446212768555,8,0.0902929368480536,175.14000000000004,16.28,0.4346597790718078,0.4460895955562591,0.0900879732483457,0.4154794812202453,0.4154982578754425,-1.877665519717242e-05,1.877665519717242e-05
2024-09-24,24.69,0.22,18.12,0.7932177782058716,8,0.0904979004477616,175.08000000000004,15.841428571428574,0.4154794812202453,0.434147298336029,0.0902929368480536,0.4138824641704559,0.4138664871454239,1.5977025031976844e-05,1.5977025031976844e-05
2024-09-25,25.38,6.05,9.66,0.8111811280250549,8,0.0907028640474695,179.67000000000002,14.260000000000002,0.4138824641704559,0.4291645288467407,0.0904979004477616,0.4232684373855591,0.42326343844334285,4.998942216227764e-06,4.998942216227764e-06
2024-09-26,26.27,0.84,19.9,0.7899163365364075,8,0.0909078276471774,179.21,14.237142857142857,0.4232684373855591,0.4283066391944885,0.0907028640474695,0.4121874272823334,0.41220224420229595,-1.4816919962579167e-05,1.4816919962579167e-05
2024-09-27,25.97,0.7,17.94,0.7854100465774536,8,0.0911127912468854,175.90000000000003,14.838571428571427,0.4121874272823334,0.426534354686737,0.0909078276471774,0.4098353981971741,0.40984999070564904,-1.4592508474964294e-05,1.4592508474964294e-05
2024-09-28,25.73,0.15,15.99,0.7786014080047607,8,0.1061934700126012,145.10000000000002,15.565714285714288,0.4098353981971741,0.4244595468044281,0.0911127912468854,0.4062662720680237,0.40627941022316616,-1.313815514247807e-05,1.313815514247807e-05
2024-09-29,25.03,0.08,18.44,0.7757360339164734,8,0.121274148778317,8.250000000000028,16.784285714285716,0.4062662720680237,0.4227108955383301,0.1061934700126012,0.4047713279724121,0.4047920395930608,-2.0711620648705686e-05,2.0711620648705686e-05
2024-09-30,25.26,0.2,18.45,0.7700295448303223,8,0.1363548275440328,8.240000000000027,16.928571428571427,0.4047713279724121,0.4209395349025726,0.121274148778317,0.4017986059188843,0.4017999560634295,-1.3501445452201999e-06,1.3501445452201999e-06
2024-10-01,25.2,0.4,17.33,0.7736548185348511,8,0.1514355063097487,8.420000000000028,16.815714285714286,0.4017986059188843,0.4192595481872558,0.1363548275440328,0.4036824405193329,0.4036601788798968,2.2261639436083058e-05,2.2261639436083058e-05
2024-10-02,21.46,15.25,4.08,0.8076473474502563,8,0.1665161850754645,17.62000000000003,16.018571428571427,0.4036824405193329,0.418012261390686,0.1514355063097487,0.4214256405830383,0.4213851511478424,4.048943519585624e-05,4.048943519585624e-05
2024-10-03,21.75,16.41,6.49,0.8358871936798096,8,0.1815968638411803,33.190000000000026,14.102857142857143,0.4214256405830383,0.4204578399658203,0.1665161850754645,0.4361837208271026,0.4361297703782717,5.395044883088618e-05,5.395044883088618e-05
2024-10-04,22.53,5.34,17.19,0.7946495413780212,8,0.1966775426068961,37.83000000000003,13.995714285714286,0.4361837208271026,0.4310927987098694,0.1815968638411803,0.4146703481674194,0.4146483383576075,2.2009809811873726e-05,2.2009809811873726e-05
2024-10-05,23.13,0.17,13.09,0.7752389311790466,8,0.211758221372612,37.85000000000003,13.581428571428573,0.4146703481674194,0.4268560111522674,0.1966775426068961,0.4045479297637939,0.40454045683145523,7.4729323386590885e-06,7.4729323386590885e-06
2024-10-06,23.83,16.06,10.65,0.8123873472213745,8,0.2268389001383278,53.83000000000003,12.468571428571426,0.4045479297637939,0.4228942394256592,0.211758221372612,0.4239265620708465,0.423932190934817,-5.628863970486009e-06,5.628863970486009e-06
2024-10-07,21.53,25.41,4.63,0.8145289421081543,8,0.2419195789040436,79.04000000000002,10.494285714285716,0.4239265620708465,0.4260488450527191,0.2268389001383278,0.4249853491783142,0.42492131729920707,6.403187910714037e-05,6.403187910714037e-05
2024-10-08,21.12,14.21,8.27,0.7985156774520874,8,0.2570002576697595,92.85000000000004,9.2,0.4249853491783142,0.427955687046051,0.2419195789040436,0.4166685938835144,0.41673211216926576,-6.351828575135166e-05,6.351828575135166e-05
2024-10-09,21.62,0.79,16.16,0.7873702049255371,8,0.2720809364354753,78.39000000000004,10.925714285714289,0.4166685938835144,0.4259369075298309,0.2570002576697595,0.4108444452285766,0.4109007869164149,-5.6341687838301624e-05,5.6341687838301624e-05
2024-10-10,21.41,0.35,17.28,0.7807809114456177,8,0.2871616152011911,62.330000000000034,12.46714285714286,0.4108444452285766,0.4233990311622619,0.2720809364354753,0.4074260294437408,0.4074388377865156,-1.280834277478382e-05,1.280834277478382e-05
2024-10-11,21.28,0.01,18.87,0.7708947062492371,8,0.3022422939669069,57.00000000000004,12.70714285714286,0.4074260294437408,0.4217546582221985,0.2871616152011911,0.402222990989685,0.4022537104288737,-3.0719439188697795e-05,3.0719439188697795e-05
2024-10-12,21.02,0.0,18.69,0.769887387752533,8,0.3173229727326228,56.830000000000034,13.507142857142858,0.402222990989685,0.4198457300662994,0.3022422939669069,0.4017300307750702,0.40173434247573214,-4.311700661951967e-06,4.311700661951967e-06
2024-10-13,21.75,0.0,18.97,0.7680985927581787,8,0.339265261347849,40.77000000000003,14.695714285714288,0.4017300307750702,0.4183383285999298,0.3173229727326228,0.4007977247238159,0.40076903889576593,2.8685828049990203e-05,2.8685828049990203e-05
2024-10-14,23.14,0.75,7.63,0.7783089280128479,8,0.3612075499630753,16.11000000000003,15.124285714285715,0.4007977247238159,0.4170361757278442,0.339265261347849,0.4061199724674225,0.4061518626411756,-3.189017375310188e-05,3.189017375310188e-05
2024-10-15,23.93,4.05,9.25,0.7848634123802185,8,0.3831498385783016,5.950000000000032,15.264285714285714,0.4061199724674225,0.416730523109436,0.3612075499630753,0.4095602631568908,0.4095428973436356,1.7365813255232343e-05,1.7365813255232343e-05
2024-10-16,23.59,1.13,13.55,0.7780809998512268,8,0.4050921271935278,6.290000000000032,14.891428571428571,0.4095602631568908,0.416718065738678,0.3831498385783016,0.4060156345367431,0.4059739824136098,4.165212313328448e-05,4.165212313328448e-05
2024-10-17,23.47,0.27,10.16,0.779837965965271,8,0.4270344158087541,6.210000000000033,13.874285714285715,0.4060156345367431,0.4162374138832092,0.4050921271935278,0.4069336354732513,0.4069143736362457,1.9261837005568605e-05,1.9261837005568605e-05
2024-10-18,25.02,2.15,13.47,0.8010072708129883,8,0.4489767044239804,8.350000000000032,13.102857142857143,0.4069336354732513,0.4157182574272156,0.4270344158087541,0.4179531931877136,0.41797963619232176,-2.6443004608134313e-05,2.6443004608134313e-05
2024-10-19,23.0,41.03,6.31,0.8189594149589539,8,0.4709189930392066,49.38000000000003,11.334285714285713,0.4179531931877136,0.4176971018314361,0.4489767044239804,0.4273633956909179,0.4273301077882449,3.328790267304038e-05,3.328790267304038e-05
2024-10-20,18.25,0.02,12.75,0.7854629755020142,8,0.4928612816544329,49.400000000000034,10.445714285714288,0.4273633956909179,0.4280407130718231,0.4709189930392066,0.4098390340805053,0.4098618114988009,-2.277741829559421e-05,2.277741829559421e-05
2024-10-21,21.22,1.53,12.82,0.7846929430961609,8,0.5148035702696592,50.18000000000003,11.187142857142858,0.4098390340805053,0.4221574068069458,0.4928612816544329,0.4094539284706116,0.40946014970541,-6.2212347984313965e-06,6.2212347984313965e-06
2024-10-22,23.18,22.03,3.43,0.8453505635261536,8,0.5367458588848855,68.16000000000004,10.355714285714289,0.4094539284706116,0.4195030331611633,0.5148035702696592,0.4410924017429352,0.44109131395816803,1.087784767150879e-06,1.087784767150879e-06
2024-10-23,21.33,5.07,10.38,0.7990054488182068,8,0.5586881475001118,72.10000000000002,9.902857142857144,0.4410924017429352,0.4356711506843567,0.5367458588848855,0.4168853163719177,0.4168332987030347,5.201766888301984e-05,5.201766888301984e-05
2024-10-24,20.45,0.0,11.79,0.7890148162841797,8,0.580630436115338,71.83000000000003,10.135714285714286,0.4168853163719177,0.4294714629650116,0.5586881475001118,0.411722332239151,0.41169925143321356,2.3080805937436555e-05,2.3080805937436555e-05
2024-10-25,20.77,0.0,12.27,0.8043296933174133,8,0.6025727247305643,69.68000000000004,9.964285714285714,0.411722332239151,0.4251158833503723,0.580630436115338,0.4197031557559967,0.4197431246439616,-3.996888796486964e-05,3.996888796486964e-05
2024-10-26,21.13,1.08,7.35,0.8016581535339355,8,0.6245150133457905,29.730000000000032,10.11285714285714,0.4197031557559967,0.4251204431056976,0.6025727247305643,0.4182965457439422,0.41835799167553583,-6.144593159362888e-05,6.144593159362888e-05
2024-10-27,20.72,9.3,8.87,0.8056735992431641,8,0.6464573019610168,39.01000000000003,9.558571428571428,0.4182965457439422,0.4272388815879822,0.6245150133457905,0.4204059243202209,0.4204338178038597,-2.7893483638796734e-05,2.7893483638796734e-05
2024-10-28,19.48,2.96,9.28,0.7927039861679077,8,0.668399590576243,40.44000000000003,9.052857142857142,0.4204059243202209,0.4258451759815216,0.6464573019610168,0.4136146306991577,0.41366038342316946,-4.575272401174946e-05,4.575272401174946e-05
2024-10-29,19.45,0.97,7.33,0.7839753031730652,8,0.6903418791914693,19.38000000000003,9.61,0.4136146306991577,0.4246841073036194,0.668399590576243,0.4090603291988373,0.409058706065019,1.6231338182959298e-06,1.6231338182959298e-06
2024-10-30,20.01,0.01,14.5,0.7906410694122314,8,0.7122841678066956,14.320000000000029,10.198571428571428,0.4090603291988373,0.4232876300811767,0.6903418791914693,0.4125529527664184,0.412564785083135,-1.18323167165868e-05,1.18323167165868e-05
2024-10-31,19.34,0.0,7.01,0.8021332025527954,8,0.7342264564219219,14.320000000000029,9.515714285714283,0.4125529527664184,0.4225569069385528,0.7122841678066956,0.4185470938682556,0.4185422382752101,4.8555930455274066e-06,4.8555930455274066e-06
2024-11-01,19.94,62.7,2.61,0.9406960606575012,8,0.7561687450371481,77.02000000000004,8.135714285714286,0.4185470938682556,0.4232495725154876,0.7342264564219219,0.4907912909984588,0.4904544062415759,0.00033688475688292696,0.00033688475688292696
2024-11-02,20.73,129.88,5.28,0.8926975131034851,8,0.7781110336523744,205.82000000000005,7.839999999999999,0.4907912909984588,0.4655636250972748,0.7561687450371481,0.4658264815807342,0.46610435386498766,-0.00027787228425346644,0.00027787228425346644
2024-11-03,19.72,0.0,15.73,0.8566187620162964,8,0.8000533222676007,196.52000000000004,8.82,0.4658264815807342,0.4830852746963501,0.7781110336523744,0.4469647407531738,0.44695017963647843,1.45611166953441e-05,1.45611166953441e-05
2024-11-04,19.25,0.02,14.32,0.8432827591896057,8,0.8219956108828269,193.58000000000007,9.54,0.4469647407531738,0.4654271006584167,0.8000533222676007,0.4400176405906677,0.4400200467308362,-2.406140168498272e-06,2.406140168498272e-06
2024-11-05,19.54,3.52,10.98,0.8376082181930542,8,0.8439378994980532,196.13000000000005,10.061428571428571,0.4400176405906677,0.4587866067886352,0.8219956108828269,0.4370479583740234,0.437024096151193,2.38622228304064e-05,2.38622228304064e-05
2024-11-06,16.43,0.98,13.01,0.8357334733009338,8,0.8658801881132795,197.10000000000005,9.848571428571429,0.4370479583740234,0.4557540118694305,0.8439378994980532,0.4360866844654083,0.4361051990588506,-1.8514593442264804e-05,1.8514593442264804e-05
2024-11-07,16.42,0.03,14.03,0.8320815563201904,8,0.8672509301083823,197.13000000000005,10.85142857142857,0.4360866844654083,0.4533331990242004,0.8658801881132795,0.4342179894447326,0.43418303966522215,3.494977951046252e-05,3.494977951046252e-05
2024-11-08,15.9,0.0,14.2,0.8353023529052734,8,0.8686216721034851,134.43000000000006,12.507142857142856,0.4342179894447326,0.4514592587947845,0.8672509301083823,0.4358642995357513,0.4358885610103607,-2.426147460943273e-05,2.426147460943273e-05
2024-11-09,17.74,0.0,9.99,0.833579421043396,8,0.8699924140985879,4.550000000000057,13.179999999999998,0.4358642995357513,0.4501611888408661,0.8686216721034851,0.4349507093429565,0.435034030576547,-8.332123359050536e-05,8.332123359050536e-05
2024-11-10,18.08,8.84,3.32,0.8944769501686096,8,0.8713631560936906,13.390000000000056,11.407142857142858,0.4349507093429565,0.4488316774368286,0.8699924140985879,0.4667149782180786,0.4667787324388822,-6.375422080356907e-05,6.375422080356907e-05
2024-11-11,18.61,1.3,11.99,0.8629950284957886,8,0.8727338980887934,14.67000000000006,11.074285714285711,0.4667149782180786,0.4636457562446594,0.8713631560936906,0.4502783715724945,0.45026146749655405,1.6904075940460395e-05,1.6904075940460395e-05
2024-11-12,18.55,0.01,12.83,0.8484326601028442,8,0.8741046400838962,11.16000000000006,11.338571428571427,0.4502783715724945,0.4669375717639923,0.8727338980887934,0.4427160620689392,0.44263945509990055,7.660696903866171e-05,7.660696903866171e-05
2024-11-13,17.91,0.05,13.14,0.8445277810096741,8,0.8754753820789989,10.230000000000055,11.357142857142858,0.4427160620689392,0.4613098800182342,0.8741046400838962,0.4406945407390594,0.44068783432245257,6.706416606827581e-06,6.706416606827581e-06
2024-11-14,18.25,0.0,12.18,0.8450514674186707,8,0.8768461240741017,10.200000000000056,11.092857142857143,0.4406945407390594,0.4585177004337311,0.8754753820789989,0.4409686625003814,0.4408875995874405,8.106291294091017e-05,8.106291294091017e-05
2024-11-15,19.37,0.52,3.49,0.8613846302032471,8,0.8782168660692045,10.720000000000056,9.562857142857142,0.4409686625003814,0.4569097757339477,0.8768461240741017,0.4494477808475494,0.44946830948193867,-2.0528634389282985e-05,2.0528634389282985e-05
2024-11-16,19.88,0.04,6.46,0.8511147499084473,8,0.8795876080643072,10.760000000000057,9.058571428571428,0.4494477808475494,0.4582970142364502,0.8782168660692045,0.4441066980361938,0.444182703991731,-7.600595553719502e-05,7.600595553719502e-05
2024-11-17,19.42,1.14,4.22,0.8404243588447571,8,0.88095835005941,3.060000000000057,9.187142857142858,0.4441066980361938,0.4578293859958648,0.8795876080643072,0.4385490119457245,0.43846656938393913,8.244256178535636e-05,8.244256178535636e-05
2024-11-18,15.31,0.37,8.9,0.8346320390701294,8,0.8823290920545128,2.1300000000000567,8.745714285714287,0.4385490119457245,0.4562857151031494,0.88095835005941,0.4355115592479706,0.43555645634730655,-4.489709933597208e-05,4.489709933597208e-05
2024-11-19,12.76,0.05,11.75,0.8323115110397339,8,0.8836998340496156,2.170000000000057,8.59142857142857,0.4355115592479706,0.4541689753532409,0.8823290920545128,0.4342785477638244,0.43424785375595093,3.0694007873477425e-05,3.0694007873477425e-05
2024-11-20,14.44,0.01,11.43,0.8289681673049927,8,0.8850705760447184,2.1300000000000567,8.347142857142858,0.4342785477638244,0.4524555504322052,0.8836998340496156,0.4325307607650757,0.4325698805848757,-3.9119819800037536e-05,3.9119819800037536e-05
2024-11-21,15.49,0.0,10.35,0.8317080140113831,8,0.8864413180398212,2.1300000000000567,8.085714285714285,0.4325307607650757,0.4511536061763763,0.8850705760447184,0.4339761137962341,0.43402412205934526,-4.800826311118778e-05,4.800826311118778e-05
2024-11-22,15.1,0.47,9.69,0.8290682435035706,8,0.887812060034924,2.080000000000057,8.971428571428572,0.4339761137962341,0.4498947858810425,0.8864413180398212,0.4326257705688476,0.4325838527083397,4.191786050788959e-05,4.191786050788959e-05
2024-11-23,13.69,1.02,8.72,0.8317107558250427,8,0.8891828020300268,3.0600000000000565,9.294285714285715,0.4326257705688476,0.4485402703285217,0.887812060034924,0.4340024590492248,0.4339972664912542,5.192557970601364e-06,5.192557970601364e-06
2024-11-24,12.6,0.24,11.51,0.8301180601119995,8,0.8905535440251295,2.160000000000057,10.335714285714287,0.4340024590492248,0.447692334651947,0.8891828020300268,0.4331677258014679,0.4331960449616114,-2.8319160143508437e-05,2.8319160143508437e-05
2024-11-25,13.33,0.0,12.3,0.8346794247627258,8,0.8919242860202322,1.7900000000000569,10.821428571428571,0.4331677258014679,0.4466776251792907,0.8905535440251295,0.435508131980896,0.4356673267483711,-0.00015919476747511263,0.00015919476747511263
2024-11-26,14.92,35.71,2.41,0.8614075779914856,8,0.893295028015335,37.45000000000006,9.487142857142857,0.435508131980896,0.4461911022663116,0.8919242860202322,0.4494316577911377,0.4494326690832774,-1.011292139696529e-06,1.011292139696529e-06
2024-11-27,12.38,10.28,5.01,0.8487348556518555,8,0.8946657700104378,47.72000000000006,8.569999999999999,0.4494316577911377,0.4560112357139587,0.893295028015335,0.4428855776786804,0.4427689301967621,0.00011664748191830832,0.00011664748191830832
2024-11-28,11.86,6.06,8.1,0.8395116329193115,8,0.8960365120055406,53.78000000000006,8.248571428571429,0.4428855776786804,0.452425479888916,0.8946657700104378,0.4380359649658203,0.4380220863223076,1.3878643512710287e-05,1.3878643512710287e-05
2024-11-29,11.41,5.64,6.34,0.8315272927284241,8,0.8974072540006434,58.95000000000006,7.77,0.4380359649658203,0.4495924711227417,0.8960365120055406,0.4339154064655304,0.4338648721575737,5.053430795670666e-05,5.053430795670666e-05
2024-11-30,11.82,0.32,9.76,0.8269335031509399,8,0.8987779959957461,58.25000000000006,7.918571428571428,0.4339154064655304,0.4475486874580383,0.8974072540006434,0.431499183177948,0.43145007411638897,4.910906155902728e-05,4.910906155902728e-05
2024-12-01,13.47,0.07,11.11,0.8219047784805298,8,0.9001487379908489,58.080000000000055,7.861428571428571,0.431499183177948,0.445584088563919,0.8987779959957461,0.4288995862007141,0.42879101147254306,0.0001085747281710514,0.0001085747281710514
2024-12-02,15.1,0.86,10.36,0.8232700824737549,8,0.8998278841055178,58.940000000000055,7.584285714285714,0.4288995862007141,0.444318026304245,0.9001487379908489,0.4295875132083893,0.4295958478252093,-8.334616820038221e-06,8.334616820038221e-06
2024-12-03,14.39,0.01,11.46,0.8210889101028442,8,0.8995070302201869,23.24000000000005,8.877142857142857,0.4295875132083893,0.4433437287807464,0.8998278841055178,0.428424060344696,0.4284844962755839,-6.043593088789212e-05,6.043593088789212e-05
2024-12-04,11.23,0.02,8.07,0.818507194519043,8,0.8991861763348558,12.980000000000055,9.314285714285711,0.428424060344696,0.4421678781509399,0.8995070302201869,0.4271092116832733,0.4270455788572629,6.363282601040687e-05,6.363282601040687e-05
2024-12-05,11.88,0.11,7.54,0.8150042295455933,8,0.8988653224495248,7.030000000000056,9.234285714285717,0.4271092116832733,0.4409587681293487,0.8991861763348558,0.4252516627311706,0.42526881853739423,-1.715580622363433e-05,1.715580622363433e-05
2024-12-06,12.21,0.35,6.48,0.8124080896377563,8,0.8985444685641937,1.7400000000000568,9.254285714285714,0.4252516627311706,0.4397866129875183,0.8988653224495248,0.4238974452018738,0.4239213158686956,-2.387066682180139e-05,2.387066682180139e-05
2024-12-07,10.24,0.68,9.47,0.8203753232955933,8,0.8982236146788626,2.100000000000057,9.212857142857144,0.4238974452018738,0.4384546279907226,0.8985444685641937,0.4280875921249389,0.42809764077266055,-1.0048647721638826e-05,1.0048647721638826e-05
2024-12-08,9.13,1.72,9.78,0.8144529461860657,8,0.8979027607935316,3.750000000000057,9.022857142857143,0.4280875921249389,0.43787682056427,0.8982236146788626,0.4250187575817108,0.42486632893482845,0.00015242864688236324,0.00015242864688236324
2024-12-09,9.49,0.01,6.91,0.8080530166625977,8,0.8975819069082005,2.9000000000000563,8.53,0.4250187575817108,0.4371381998062134,0.8979027607935316,0.4216791093349457,0.4216505289077759,2.8580427169799805e-05,2.8580427169799805e-05
2024-12-10,10.43,0.0,8.47,0.8080394864082336,8,0.8972610530228695,2.8900000000000565,8.102857142857143,0.4216791093349457,0.4359203279018402,0.8975819069082005,0.4216636717319488,0.42166047791639966,3.193815549140666e-06,3.193815549140666e-06
2024-12-11,11.69,1.07,8.26,0.8083081245422363,8,0.8969401991375384,3.940000000000057,8.13,0.4216636717319488,0.4350475966930389,0.8972610530228695,0.4217717051506042,0.4216678089896838,0.00010389616092038034,0.00010389616092038034
2024-12-12,11.38,0.78,8.76,0.8072726726531982,8,0.8966193452522073,4.610000000000057,8.304285714285715,0.4217717051506042,0.4345426559448242,0.8969401991375384,0.4212519526481628,0.4213109556833903,-5.900303522748951e-05,5.900303522748951e-05
2024-12-13,11.28,0.62,5.88,0.8052017688751221,8,0.8962984913668763,4.880000000000057,8.218571428571428,0.4212519526481628,0.434036910533905,0.8966193452522073,0.4201729893684387,0.42017038037379584,2.6089946428831112e-06,2.6089946428831112e-06
2024-12-14,8.42,0.13,8.55,0.8043580055236816,8,0.8959776374815452,4.330000000000057,8.087142857142856,0.4201729893684387,0.433286190032959,0.8962984913668763,0.4197383522987366,0.4197420337796211,-3.681480884532018e-06,3.681480884532018e-06
2024-12-15,9.32,0.54,5.15,0.8032873868942261,8,0.8956567835962143,3.150000000000057,7.425714285714285,0.4197383522987366,0.4321646690368652,0.8959776374815452,0.4191413521766662,0.41914932380119957,-7.971624533364974e-06,7.971624533364974e-06
2024-12-16,9.38,0.39,7.12,0.7986629605293274,8,0.8953359297108832,3.530000000000057,7.455714285714286,0.4191413521766662,0.4312725961208343,0.8956567835962143,0.4167360663414001,0.4167402050892512,-4.138747851101243e-06,4.138747851101243e-06
2024-12-17,9.79,0.15,7.04,0.7986747026443481,8,0.8950150758255521,3.680000000000057,7.251428571428571,0.4167360663414001,0.4303178191184997,0.8953359297108832,0.4167312383651733,0.41674620886643726,-1.4970501263977809e-05,1.4970501263977809e-05
2024-12-18,8.25,0.68,6.62,0.8179332613945007,8,0.8946942219402211,3.290000000000057,7.017142857142857,0.4167312383651733,0.4295070171356201,0.8950150758255521,0.4267848134040832,0.42686260839303336,-7.77949889501639e-05,7.77949889501639e-05
2024-12-19,8.65,5.96,7.92,0.8241632580757141,8,0.89437336805489,8.470000000000056,6.897142857142858,0.4267848134040832,0.4308337867259979,0.8946942219402211,0.4300467371940613,0.4300172185897827,2.9518604278577776e-05,2.9518604278577776e-05
2024-12-20,9.6,1.24,10.42,0.8094192147254944,8,0.894052514169559,9.090000000000057,7.5457142857142845,0.4300467371940613,0.4368027448654175,0.89437336805489,0.4223677217960357,0.4223626559972763,5.065798759418261e-06,5.065798759418261e-06
2024-12-21,9.86,3.46,3.49,0.8110238909721375,8,0.8937316602842279,12.42000000000006,6.822857142857143,0.4223677217960357,0.4334908127784729,0.894052514169559,0.4231868684291839,0.42322469075520835,-3.782232602445035e-05,3.782232602445035e-05
2024-12-22,6.92,0.03,9.83,0.8036938905715942,8,0.8934108063988968,11.910000000000055,7.491428571428571,0.4231868684291839,0.4324085414409637,0.8937316602842279,0.4193567037582397,0.41934990564982094,6.798108418748505e-06,6.798108418748505e-06
2024-12-23,8.03,0.0,11.2,0.799981951713562,8,0.8930899525135658,11.520000000000056,8.074285714285713,0.4193567037582397,0.4307997822761535,0.8934108063988968,0.4174336493015289,0.41744066089391707,-7.011592388195265e-06,7.011592388195265e-06
2024-12-24,8.74,0.0,11.66,0.7946214079856873,8,0.8927690986282347,11.370000000000058,8.734285714285715,0.4174336493015289,0.4297297596931457,0.8930899525135658,0.414627730846405,0.41466782997051876,-4.009912411379046e-05,4.009912411379046e-05
2024-12-25,10.04,0.62,8.29,0.8113150000572205,8,0.8924482447429037,11.310000000000056,8.972857142857142,0.414627730846405,0.4288070499897003,0.8927690986282347,0.4233185052871704,0.4233483268817266,-2.9821594556167508e-05,2.9821594556167508e-05
2024-12-26,10.89,0.36,8.85,0.801923394203186,8,0.8921273908575726,5.710000000000057,9.105714285714283,0.4233185052871704,0.429641842842102,0.8924482447429037,0.4184542894363403,0.41841709524393084,3.7194192409439886e-05,3.7194192409439886e-05
