case_id,truth,alpha,structural_gain,quality,prediction,correct
S20260921_KEEP_01,KEEP,1.0406992149772532,0.0,0.865711837300396,KEEP,True
S20260921_KEEP_02,KEEP,1.0399099335318467,0.0,0.876410341373842,KEEP,True
S20260921_KEEP_03,KEEP,1.0396341468339696,0.0,0.9980371533002348,KEEP,True
S20260921_KEEP_04,KEEP,1.0403478510202737,0.0,0.9019982225677503,KEEP,True
S20260921_KEEP_05,KEEP,1.0402930571221711,0.0,0.8573170811647082,KEEP,True
S20260921_KEEP_06,KEEP,1.0417548398980723,0.0,0.9403838862587688,KEEP,True
S20260921_KEEP_07,KEEP,1.0411972496705777,0.0,0.8461954993221796,KEEP,True
S20260921_KEEP_08,KEEP,1.0404436800734314,0.0,0.8650517907448717,KEEP,True
S20260921_KEEP_09,KEEP,1.039727537452178,0.0,0.9819281435850578,KEEP,True
S20260921_KEEP_10,KEEP,1.041343510692017,0.0,0.9805577601570695,KEEP,True
S20260921_KEEP_11,KEEP,1.0409724648294325,0.0,0.9808987743389717,KEEP,True
S20260921_KEEP_12,KEEP,1.040897584689908,0.0,0.8878552658717054,KEEP,True
S20260921_KEEP_13,KEEP,1.0402414832754328,0.0,0.9542566723753356,KEEP,True
S20260921_KEEP_14,KEEP,1.0408706386382105,0.0,0.90128646151493,KEEP,True
S20260921_KEEP_15,KEEP,1.04153101832087,0.0,0.8380009539711211,KEEP,True
S20260921_KEEP_16,KEEP,1.0404593244619234,0.0,0.9783407649976621,KEEP,True
S20260921_KEEP_17,KEEP,1.0417836418299198,0.0,0.9571127595064877,KEEP,True
S20260921_KEEP_18,KEEP,1.0413632133147699,0.0,0.8559163148763174,KEEP,True
S20260921_KEEP_19,KEEP,1.0401661715063177,0.0,0.8280909248245671,KEEP,True
S20260921_KEEP_20,KEEP,1.040121842456807,0.0,0.9555212658424667,KEEP,True
S20260921_RECALIBRATE_01,RECALIBRATE,0.9299703559574026,0.0,0.9848735779238221,RECALIBRATE,True
S20260921_RECALIBRATE_02,RECALIBRATE,0.948090778298974,0.0,0.8529038497356545,RECALIBRATE,True
S20260921_RECALIBRATE_03,RECALIBRATE,0.9848740338382995,0.0,0.9552540348187748,RECALIBRATE,True
S20260921_RECALIBRATE_04,RECALIBRATE,0.9810397382182293,0.0,0.8915879461233004,RECALIBRATE,True
S20260921_RECALIBRATE_05,RECALIBRATE,0.9821163116009086,0.0,0.9752926740654791,RECALIBRATE,True
S20260921_RECALIBRATE_06,RECALIBRATE,0.929505318373578,0.0,0.9767081231958125,RECALIBRATE,True
S20260921_RECALIBRATE_07,RECALIBRATE,0.9084062512951929,0.0,0.9149967674619295,RECALIBRATE,True
S20260921_RECALIBRATE_08,RECALIBRATE,0.9011608251806696,0.0,0.8660274616418551,RECALIBRATE,True
S20260921_RECALIBRATE_09,RECALIBRATE,0.94975060044181,0.0,0.9313329217337432,RECALIBRATE,True
S20260921_RECALIBRATE_10,RECALIBRATE,0.9937864361389486,0.0,0.8538338416719986,RECALIBRATE,True
S20260921_RECALIBRATE_11,RECALIBRATE,0.9064844983942066,0.0,0.9737772410173122,RECALIBRATE,True
S20260921_RECALIBRATE_12,RECALIBRATE,0.9847730916179895,0.0,0.9808248417539942,RECALIBRATE,True
S20260921_RECALIBRATE_13,RECALIBRATE,0.9290199230199377,0.0,0.9297653012956081,RECALIBRATE,True
S20260921_RECALIBRATE_14,RECALIBRATE,1.0251557813831556,0.0,0.934545661549865,RECALIBRATE,True
S20260921_RECALIBRATE_15,RECALIBRATE,1.0254612787041617,0.0,0.8656370278326212,RECALIBRATE,True
S20260921_RECALIBRATE_16,RECALIBRATE,1.0010567244345865,0.0,0.9041654012671038,RECALIBRATE,True
S20260921_RECALIBRATE_17,RECALIBRATE,0.9308943155028764,0.0,0.8468031753218808,RECALIBRATE,True
S20260921_RECALIBRATE_18,RECALIBRATE,0.9286283493251373,0.0,0.9525748037276313,RECALIBRATE,True
S20260921_RECALIBRATE_19,RECALIBRATE,0.9566293580665198,0.0,0.9475999515942409,RECALIBRATE,True
S20260921_RECALIBRATE_20,RECALIBRATE,1.025278275644757,0.0,0.8445692524528584,RECALIBRATE,True
S20260921_REVISE_01,REVISE,0.5543801452427962,,0.8255682340883511,RECALIBRATE,False
S20260921_REVISE_02,REVISE,0.6093003928498034,,0.9316210544541925,RECALIBRATE,False
S20260921_REVISE_03,REVISE,0.4587236314266243,,0.8880623032071937,RECALIBRATE,False
S20260921_REVISE_04,REVISE,0.8416049927729925,,0.9169118061362234,RECALIBRATE,False
S20260921_REVISE_05,REVISE,0.6165642154849557,,0.8666381992405912,RECALIBRATE,False
S20260921_REVISE_06,REVISE,0.7331514166073464,,0.975565230856495,RECALIBRATE,False
S20260921_REVISE_07,REVISE,0.915001729539408,,0.9430375673623858,RECALIBRATE,False
S20260921_REVISE_08,REVISE,0.7841114258988598,,0.966283436442967,RECALIBRATE,False
S20260921_REVISE_09,REVISE,0.648823047414878,,0.9122099206016835,RECALIBRATE,False
S20260921_REVISE_10,REVISE,0.6824406224328814,,0.8794590062135166,RECALIBRATE,False
S20260921_REVISE_11,REVISE,0.887656590492017,,0.919684801933567,RECALIBRATE,False
S20260921_REVISE_12,REVISE,0.5362764870411565,,0.998430954603968,RECALIBRATE,False
S20260921_REVISE_13,REVISE,0.48354156085819006,,0.9399813799944756,RECALIBRATE,False
S20260921_REVISE_14,REVISE,0.8009552150237986,,0.8991486529397414,RECALIBRATE,False
S20260921_REVISE_15,REVISE,0.675219303748895,,0.986138589878925,RECALIBRATE,False
S20260921_REVISE_16,REVISE,0.6979566134979707,,0.845424432234316,RECALIBRATE,False
S20260921_REVISE_17,REVISE,0.6194343371181635,,0.8451588294554954,RECALIBRATE,False
S20260921_REVISE_18,REVISE,0.8841176240141754,,0.8472925973269293,RECALIBRATE,False
S20260921_REVISE_19,REVISE,0.6830520921940376,,0.9063788064596533,RECALIBRATE,False
S20260921_REVISE_20,REVISE,0.4984837003100446,,0.9082703386549169,RECALIBRATE,False
S20260921_ABSTAIN_01,ABSTAIN,0.5239716305985197,,0.29662871185907264,ABSTAIN,True
S20260921_ABSTAIN_02,ABSTAIN,0.8620417971899361,,0.6485315387055193,ABSTAIN,True
S20260921_ABSTAIN_03,ABSTAIN,0.7039370575769243,,0.41347026387491825,ABSTAIN,True
S20260921_ABSTAIN_04,ABSTAIN,0.7429135476285871,,0.6892088962030147,ABSTAIN,True
S20260921_ABSTAIN_05,ABSTAIN,0.629787744099168,,0.3636830613817451,ABSTAIN,True
S20260921_ABSTAIN_06,ABSTAIN,0.7471615401273972,,0.714389724379981,ABSTAIN,True
S20260921_ABSTAIN_07,ABSTAIN,0.6723971627015551,,0.7606824998612054,ABSTAIN,True
S20260921_ABSTAIN_08,ABSTAIN,0.7155895999404431,,0.42682528678124554,ABSTAIN,True
S20260921_ABSTAIN_09,ABSTAIN,0.6088379574005814,,0.4925055481017779,ABSTAIN,True
S20260921_ABSTAIN_10,ABSTAIN,0.698193350048177,,0.3333910992635274,ABSTAIN,True
S20260921_ABSTAIN_11,ABSTAIN,0.5348648057161987,,0.591489029637629,ABSTAIN,True
S20260921_ABSTAIN_12,ABSTAIN,0.7716987453533746,,0.31149530680453497,ABSTAIN,True
S20260921_ABSTAIN_13,ABSTAIN,0.7147452318597574,,0.4594545170695132,ABSTAIN,True
S20260921_ABSTAIN_14,ABSTAIN,0.7761755630983941,,0.6181501884025041,ABSTAIN,True
S20260921_ABSTAIN_15,ABSTAIN,0.89267292532841,,0.43657936650607154,ABSTAIN,True
S20260921_ABSTAIN_16,ABSTAIN,0.6568956135340458,,0.22833079108657744,ABSTAIN,True
S20260921_ABSTAIN_17,ABSTAIN,0.5599183786952063,,0.34301350056953744,ABSTAIN,True
S20260921_ABSTAIN_18,ABSTAIN,0.9238012197151606,,0.526128691860454,ABSTAIN,True
S20260921_ABSTAIN_19,ABSTAIN,0.823279255756615,,0.5516717953175614,ABSTAIN,True
S20260921_ABSTAIN_20,ABSTAIN,0.8033231020701639,,0.6656808865999413,ABSTAIN,True
S20260922_KEEP_01,KEEP,1.0393025009241992,0.0,0.9764592554563372,RECALIBRATE,False
S20260922_KEEP_02,KEEP,1.0414740543243206,0.0,0.9380005784248409,KEEP,True
S20260922_KEEP_03,KEEP,1.040496356529648,0.0,0.9759244185699584,KEEP,True
S20260922_KEEP_04,KEEP,1.0391222225053425,0.0,0.9047732668720173,RECALIBRATE,False
S20260922_KEEP_05,KEEP,1.0394698462763516,0.0,0.8699229926514505,RECALIBRATE,False
S20260922_KEEP_06,KEEP,1.0408112991710214,0.0,0.8527158477236068,KEEP,True
S20260922_KEEP_07,KEEP,1.040998832992891,0.0,0.8808948729089718,KEEP,True
S20260922_KEEP_08,KEEP,1.040590901849433,0.0,0.8979655816126925,KEEP,True
S20260922_KEEP_09,KEEP,1.0406542026041017,0.0,0.9650597494485846,KEEP,True
S20260922_KEEP_10,KEEP,1.0397024022068109,0.0,0.8809978955089458,KEEP,True
S20260922_KEEP_11,KEEP,1.0408279186311307,0.0,0.9658814098679421,KEEP,True
S20260922_KEEP_12,KEEP,1.0404967511998535,0.0,0.83271927146253,KEEP,True
S20260922_KEEP_13,KEEP,1.0408394109603614,0.0,0.8506861314573072,KEEP,True
S20260922_KEEP_14,KEEP,1.0406988423177086,0.0,0.8342253698275598,KEEP,True
S20260922_KEEP_15,KEEP,1.0413599106855351,0.0,0.9680883454928911,KEEP,True
S20260922_KEEP_16,KEEP,1.0405666219056053,0.0,0.9730052157814089,KEEP,True
S20260922_KEEP_17,KEEP,1.0402897194184302,0.0,0.9932446391775945,KEEP,True
S20260922_KEEP_18,KEEP,1.040513473034491,0.0,0.9730533290970699,KEEP,True
S20260922_KEEP_19,KEEP,1.0398026699507035,0.0,0.9142258524070911,KEEP,True
S20260922_KEEP_20,KEEP,1.0404133900301853,0.0,0.9451912536339395,KEEP,True
S20260922_RECALIBRATE_01,RECALIBRATE,0.944249838731327,0.0,0.9289349377151641,RECALIBRATE,True
S20260922_RECALIBRATE_02,RECALIBRATE,0.967950106699228,0.0,0.9882286253958829,RECALIBRATE,True
S20260922_RECALIBRATE_03,RECALIBRATE,0.9407908985257468,0.0,0.9493293312377774,RECALIBRATE,True
S20260922_RECALIBRATE_04,RECALIBRATE,0.9294566615452441,0.0,0.8221579104789934,RECALIBRATE,True
S20260922_RECALIBRATE_05,RECALIBRATE,1.0286033826113434,0.0,0.8278074823706357,RECALIBRATE,True
S20260922_RECALIBRATE_06,RECALIBRATE,0.9552938235328129,0.0,0.9113336840001056,RECALIBRATE,True
S20260922_RECALIBRATE_07,RECALIBRATE,0.9742880646941291,0.0,0.8426952045433297,RECALIBRATE,True
S20260922_RECALIBRATE_08,RECALIBRATE,0.9757632727586532,0.0,0.8545621340804175,RECALIBRATE,True
S20260922_RECALIBRATE_09,RECALIBRATE,0.9241338618334431,0.0,0.9935211329736835,RECALIBRATE,True
S20260922_RECALIBRATE_10,RECALIBRATE,0.90152452479267,0.0,0.9364006097383175,RECALIBRATE,True
S20260922_RECALIBRATE_11,RECALIBRATE,0.9186452038579521,0.0,0.8638523728277372,RECALIBRATE,True
S20260922_RECALIBRATE_12,RECALIBRATE,0.9172543962429799,0.0,0.8901384837764622,RECALIBRATE,True
S20260922_RECALIBRATE_13,RECALIBRATE,1.0224487197414744,0.0,0.8556850057326827,RECALIBRATE,True
S20260922_RECALIBRATE_14,RECALIBRATE,0.907523414489797,0.0,0.966485429138954,RECALIBRATE,True
S20260922_RECALIBRATE_15,RECALIBRATE,0.910455400590334,0.0,0.8729955433099226,RECALIBRATE,True
S20260922_RECALIBRATE_16,RECALIBRATE,1.0087350992724566,0.0,0.8655562893223228,RECALIBRATE,True
S20260922_RECALIBRATE_17,RECALIBRATE,0.9468004603914614,0.0,0.8739748966514704,RECALIBRATE,True
S20260922_RECALIBRATE_18,RECALIBRATE,0.9847579050560755,0.0,0.9385671841421696,RECALIBRATE,True
S20260922_RECALIBRATE_19,RECALIBRATE,0.9721118304980509,0.0,0.8297936122110597,RECALIBRATE,True
S20260922_RECALIBRATE_20,RECALIBRATE,0.9375304916814857,0.0,0.9255387203903256,RECALIBRATE,True
S20260922_REVISE_01,REVISE,0.7009155507440231,,0.9136499428815343,RECALIBRATE,False
S20260922_REVISE_02,REVISE,0.8314768478789565,,0.9355737497062482,RECALIBRATE,False
S20260922_REVISE_03,REVISE,0.681031285829847,,0.8282236829438999,RECALIBRATE,False
S20260922_REVISE_04,REVISE,0.5014069811611067,,0.8553808325000635,RECALIBRATE,False
S20260922_REVISE_05,REVISE,0.4821954296931925,,0.9606549694857424,RECALIBRATE,False
S20260922_REVISE_06,REVISE,0.7933658540886974,,0.9427806176257665,RECALIBRATE,False
S20260922_REVISE_07,REVISE,0.7891190974126021,,0.9914765524732734,RECALIBRATE,False
S20260922_REVISE_08,REVISE,0.6862712195562094,,0.9361693398143793,RECALIBRATE,False
S20260922_REVISE_09,REVISE,0.6057129657122052,,0.9508024117602036,RECALIBRATE,False
S20260922_REVISE_10,REVISE,0.7209031730736151,,0.8811762874623229,RECALIBRATE,False
S20260922_REVISE_11,REVISE,0.4679720524139067,,0.8669065111819617,RECALIBRATE,False
S20260922_REVISE_12,REVISE,0.7146793903247115,,0.9830480829047474,RECALIBRATE,False
S20260922_REVISE_13,REVISE,0.8826083291424929,,0.8613619127897006,RECALIBRATE,False
S20260922_REVISE_14,REVISE,0.4842740265379303,,0.8888620018298657,RECALIBRATE,False
S20260922_REVISE_15,REVISE,0.8607979435173507,,0.9702419086200631,RECALIBRATE,False
S20260922_REVISE_16,REVISE,0.7657008287326872,,0.8537185135410729,RECALIBRATE,False
S20260922_REVISE_17,REVISE,0.7054180107003002,,0.8208454403836503,RECALIBRATE,False
S20260922_REVISE_18,REVISE,0.9172893058448195,,0.8587770740046186,RECALIBRATE,False
S20260922_REVISE_19,REVISE,0.5999727057785912,,0.9600914309574005,RECALIBRATE,False
S20260922_REVISE_20,REVISE,0.9476959077533759,,0.8358367934685358,RECALIBRATE,False
S20260922_ABSTAIN_01,ABSTAIN,0.8831042260970912,,0.520259297770376,ABSTAIN,True
S20260922_ABSTAIN_02,ABSTAIN,0.7823362274568866,,0.5936678601061929,ABSTAIN,True
S20260922_ABSTAIN_03,ABSTAIN,0.8100182362503776,,0.37788435949471477,ABSTAIN,True
S20260922_ABSTAIN_04,ABSTAIN,0.8459812785137031,,0.6595474416819109,ABSTAIN,True
S20260922_ABSTAIN_05,ABSTAIN,0.6764737670997317,,0.20360223408005879,ABSTAIN,True
S20260922_ABSTAIN_06,ABSTAIN,0.6651720264354185,,0.7779054229739555,ABSTAIN,True
S20260922_ABSTAIN_07,ABSTAIN,0.8111392102229136,,0.708063824267088,ABSTAIN,True
S20260922_ABSTAIN_08,ABSTAIN,0.5152630566181893,,0.7151036564860034,ABSTAIN,True
S20260922_ABSTAIN_09,ABSTAIN,0.7420745137441975,,0.3581201872873704,ABSTAIN,True
S20260922_ABSTAIN_10,ABSTAIN,0.6899692416955656,,0.5624899630164638,ABSTAIN,True
S20260922_ABSTAIN_11,ABSTAIN,0.5834987381176842,,0.526363860460968,ABSTAIN,True
S20260922_ABSTAIN_12,ABSTAIN,0.8110502787597629,,0.5888110453489801,ABSTAIN,True
S20260922_ABSTAIN_13,ABSTAIN,0.5305036974314928,,0.7762958722666244,ABSTAIN,True
S20260922_ABSTAIN_14,ABSTAIN,0.6282360245874458,,0.21057741616598696,ABSTAIN,True
S20260922_ABSTAIN_15,ABSTAIN,0.8476427463995095,,0.5862113219816166,ABSTAIN,True
S20260922_ABSTAIN_16,ABSTAIN,0.4897788767962993,,0.5557485910557659,ABSTAIN,True
S20260922_ABSTAIN_17,ABSTAIN,0.6864168604912677,,0.3113895693461495,ABSTAIN,True
S20260922_ABSTAIN_18,ABSTAIN,0.5885631751647653,,0.37321237925910794,ABSTAIN,True
S20260922_ABSTAIN_19,ABSTAIN,0.7829676572066135,,0.7093218194698747,ABSTAIN,True
S20260922_ABSTAIN_20,ABSTAIN,0.47174582447011215,,0.38715993746797783,ABSTAIN,True
S20260923_KEEP_01,KEEP,1.0388150141883876,0.0,0.9134432701033713,RECALIBRATE,False
S20260923_KEEP_02,KEEP,1.0411190669321047,0.0,0.8588934539974925,KEEP,True
S20260923_KEEP_03,KEEP,1.0408614946813195,0.0,0.9985051504908214,KEEP,True
S20260923_KEEP_04,KEEP,1.0401830991919532,0.0,0.8432671733382054,KEEP,True
S20260923_KEEP_05,KEEP,1.0403801367845578,0.0,0.9565507485551509,KEEP,True
S20260923_KEEP_06,KEEP,1.039873007224111,0.0,0.8517916610687102,KEEP,True
S20260923_KEEP_07,KEEP,1.0392355795707149,0.0,0.8993921121115457,RECALIBRATE,False
S20260923_KEEP_08,KEEP,1.040283265918438,0.0,0.9629061789648959,KEEP,True
S20260923_KEEP_09,KEEP,1.0407394640805185,0.0,0.833321818920585,KEEP,True
S20260923_KEEP_10,KEEP,1.040133369689018,0.0,0.9860937409163568,KEEP,True
S20260923_KEEP_11,KEEP,1.0402203839767445,0.0,0.9373292637488603,KEEP,True
S20260923_KEEP_12,KEEP,1.0405240774048685,0.0,0.9022997544369447,KEEP,True
S20260923_KEEP_13,KEEP,1.040868858408632,0.0,0.8211938475467856,KEEP,True
S20260923_KEEP_14,KEEP,1.0407756439025337,0.0,0.8675819132573482,KEEP,True
S20260923_KEEP_15,KEEP,1.0393086891310204,0.0,0.9066001321183061,RECALIBRATE,False
S20260923_KEEP_16,KEEP,1.0391056688561806,0.0,0.9049894056239822,RECALIBRATE,False
S20260923_KEEP_17,KEEP,1.041262601898777,0.0,0.8838454401449265,KEEP,True
S20260923_KEEP_18,KEEP,1.0398201984974427,0.0,0.9151887835970238,KEEP,True
S20260923_KEEP_19,KEEP,1.0409830051796465,0.0,0.9045320566172617,KEEP,True
S20260923_KEEP_20,KEEP,1.0403401100108172,0.0,0.8690954777833187,KEEP,True
S20260923_RECALIBRATE_01,RECALIBRATE,0.9394886551721974,0.0,0.8959794969943318,RECALIBRATE,True
S20260923_RECALIBRATE_02,RECALIBRATE,0.9361186477034733,0.0,0.9224896226877586,RECALIBRATE,True
S20260923_RECALIBRATE_03,RECALIBRATE,0.9726175058841801,0.0,0.9578818903145421,RECALIBRATE,True
S20260923_RECALIBRATE_04,RECALIBRATE,0.949001287231424,0.0,0.8410975983124829,RECALIBRATE,True
S20260923_RECALIBRATE_05,RECALIBRATE,0.9230620223003055,0.0,0.9826980735448673,RECALIBRATE,True
S20260923_RECALIBRATE_06,RECALIBRATE,0.927915053032182,0.0,0.9467396473132234,RECALIBRATE,True
S20260923_RECALIBRATE_07,RECALIBRATE,0.9045862908819045,0.0,0.9200924206133512,RECALIBRATE,True
S20260923_RECALIBRATE_08,RECALIBRATE,1.0085888174253046,0.0,0.8404414814912249,RECALIBRATE,True
S20260923_RECALIBRATE_09,RECALIBRATE,0.9615000273180059,0.0,0.9888212458499658,RECALIBRATE,True
S20260923_RECALIBRATE_10,RECALIBRATE,0.9731443787033641,0.0,0.9233443394997443,RECALIBRATE,True
S20260923_RECALIBRATE_11,RECALIBRATE,0.9376159859673467,0.0,0.9404660937216898,RECALIBRATE,True
S20260923_RECALIBRATE_12,RECALIBRATE,0.9918624907417116,0.0,0.8622403419449137,RECALIBRATE,True
S20260923_RECALIBRATE_13,RECALIBRATE,0.9597066300348358,0.0,0.9689405037642312,RECALIBRATE,True
S20260923_RECALIBRATE_14,RECALIBRATE,0.9742810252526096,0.0,0.8791757025542871,RECALIBRATE,True
S20260923_RECALIBRATE_15,RECALIBRATE,1.0000676030664593,0.0,0.827439252959906,RECALIBRATE,True
S20260923_RECALIBRATE_16,RECALIBRATE,0.9497172568264816,0.0,0.9058573034231133,RECALIBRATE,True
S20260923_RECALIBRATE_17,RECALIBRATE,0.9911756314666667,0.0,0.9859358046321768,RECALIBRATE,True
S20260923_RECALIBRATE_18,RECALIBRATE,1.013487027885996,0.0,0.9844914096249037,RECALIBRATE,True
S20260923_RECALIBRATE_19,RECALIBRATE,0.9338146042293642,0.0,0.941134411749907,RECALIBRATE,True
S20260923_RECALIBRATE_20,RECALIBRATE,0.9807092399699748,0.0,0.886328308275778,RECALIBRATE,True
S20260923_REVISE_01,REVISE,0.7266084775680046,,0.9774732551948788,RECALIBRATE,False
S20260923_REVISE_02,REVISE,0.6396120590038837,,0.9779069826336733,RECALIBRATE,False
S20260923_REVISE_03,REVISE,0.8151217243646689,,0.9668022369100654,RECALIBRATE,False
S20260923_REVISE_04,REVISE,0.9430757604307995,,0.869634453406417,RECALIBRATE,False
S20260923_REVISE_05,REVISE,0.8467622736165417,,0.9313634078412871,RECALIBRATE,False
S20260923_REVISE_06,REVISE,0.7736409607353462,,0.8478649011625679,RECALIBRATE,False
S20260923_REVISE_07,REVISE,0.7433868372720007,,0.8608956952439331,RECALIBRATE,False
S20260923_REVISE_08,REVISE,0.8034535111547119,,0.8819378348824354,RECALIBRATE,False
S20260923_REVISE_09,REVISE,0.5536067668874154,,0.8903182116387695,RECALIBRATE,False
S20260923_REVISE_10,REVISE,0.5424568843544381,,0.8785886091443145,RECALIBRATE,False
S20260923_REVISE_11,REVISE,0.7705273065576758,,0.8813126505984038,RECALIBRATE,False
S20260923_REVISE_12,REVISE,0.6662803277238503,,0.9944607631195033,RECALIBRATE,False
S20260923_REVISE_13,REVISE,0.7208295797433766,,0.9441220092577375,RECALIBRATE,False
S20260923_REVISE_14,REVISE,0.5231550473095237,,0.9260331983753232,RECALIBRATE,False
S20260923_REVISE_15,REVISE,0.9262995999166381,,0.8672822269601566,RECALIBRATE,False
S20260923_REVISE_16,REVISE,0.6987611351323312,,0.9917010849522845,RECALIBRATE,False
S20260923_REVISE_17,REVISE,0.5061583578338154,,0.9639712070153655,RECALIBRATE,False
S20260923_REVISE_18,REVISE,0.5106494699352729,,0.8602439798602624,RECALIBRATE,False
S20260923_REVISE_19,REVISE,0.7046998278337693,,0.9142901645034539,RECALIBRATE,False
S20260923_REVISE_20,REVISE,0.6621475986777693,,0.9959497526181691,RECALIBRATE,False
S20260923_ABSTAIN_01,ABSTAIN,0.45414094712292935,,0.5225785757808994,ABSTAIN,True
S20260923_ABSTAIN_02,ABSTAIN,0.6247865987498192,,0.3442486741797691,ABSTAIN,True
S20260923_ABSTAIN_03,ABSTAIN,0.8611064748684845,,0.46721096233331655,ABSTAIN,True
S20260923_ABSTAIN_04,ABSTAIN,0.5687250865831248,,0.3796990424351768,ABSTAIN,True
S20260923_ABSTAIN_05,ABSTAIN,0.5170451275971666,,0.7102695271233137,ABSTAIN,True
S20260923_ABSTAIN_06,ABSTAIN,0.9487566531813884,,0.34318556165006364,ABSTAIN,True
S20260923_ABSTAIN_07,ABSTAIN,0.45273562983996485,,0.40746566689750763,ABSTAIN,True
S20260923_ABSTAIN_08,ABSTAIN,0.6367298647520971,,0.46496321468972995,ABSTAIN,True
S20260923_ABSTAIN_09,ABSTAIN,0.4665804459652606,,0.26607797380177245,ABSTAIN,True
S20260923_ABSTAIN_10,ABSTAIN,0.8428670962099216,,0.565770624254305,ABSTAIN,True
S20260923_ABSTAIN_11,ABSTAIN,0.6391377311938571,,0.2225306679147982,ABSTAIN,True
S20260923_ABSTAIN_12,ABSTAIN,0.4959671114364641,,0.286184911369086,ABSTAIN,True
S20260923_ABSTAIN_13,ABSTAIN,0.8348523293163833,,0.2429453882559657,ABSTAIN,True
S20260923_ABSTAIN_14,ABSTAIN,0.5950443851445717,,0.74051392862143,ABSTAIN,True
S20260923_ABSTAIN_15,ABSTAIN,0.6509066688149447,,0.7209686231297678,ABSTAIN,True
S20260923_ABSTAIN_16,ABSTAIN,0.8157765461152866,,0.5340921656846633,ABSTAIN,True
S20260923_ABSTAIN_17,ABSTAIN,0.8513087542014031,,0.7345864439182639,ABSTAIN,True
S20260923_ABSTAIN_18,ABSTAIN,0.9057803847138235,,0.3687632749120534,ABSTAIN,True
S20260923_ABSTAIN_19,ABSTAIN,0.9389457726041022,,0.5562859885549026,ABSTAIN,True
S20260923_ABSTAIN_20,ABSTAIN,0.5254772462370606,,0.4683852284990059,ABSTAIN,True
S20260924_KEEP_01,KEEP,1.0410837403079778,0.0,0.8481346080108964,KEEP,True
S20260924_KEEP_02,KEEP,1.040174356866953,0.0,0.9135936370351018,KEEP,True
S20260924_KEEP_03,KEEP,1.03996595280714,0.0,0.9328631864928544,KEEP,True
S20260924_KEEP_04,KEEP,1.0404750240437264,0.0,0.9489169587492559,KEEP,True
S20260924_KEEP_05,KEEP,1.040802348720437,0.0,0.8812175754659001,KEEP,True
S20260924_KEEP_06,KEEP,1.0395035435530022,0.0,0.9704937735297692,RECALIBRATE,False
S20260924_KEEP_07,KEEP,1.040194851828413,0.0,0.9903482243655783,KEEP,True
S20260924_KEEP_08,KEEP,1.0401663963912737,0.0,0.9684505900405341,KEEP,True
S20260924_KEEP_09,KEEP,1.0404308398652948,0.0,0.8705459448858771,KEEP,True
S20260924_KEEP_10,KEEP,1.0408659759270753,0.0,0.8429192352648063,KEEP,True
S20260924_KEEP_11,KEEP,1.0406963688006492,0.0,0.8354909734034625,KEEP,True
S20260924_KEEP_12,KEEP,1.0406306425012426,0.0,0.8456146676519999,KEEP,True
S20260924_KEEP_13,KEEP,1.039775947391364,0.0,0.8463988604026068,KEEP,True
S20260924_KEEP_14,KEEP,1.0392556799508965,0.0,0.9811645222003951,RECALIBRATE,False
S20260924_KEEP_15,KEEP,1.0398567128485978,0.0,0.8891897519054377,KEEP,True
S20260924_KEEP_16,KEEP,1.0403452028537208,0.0,0.8386457566823393,KEEP,True
S20260924_KEEP_17,KEEP,1.0396086255963664,0.0,0.9539253607929221,KEEP,True
S20260924_KEEP_18,KEEP,1.0406429414762786,0.0,0.8474831907089995,KEEP,True
S20260924_KEEP_19,KEEP,1.042850895674248,0.0,0.9329236808419579,KEEP,True
S20260924_KEEP_20,KEEP,1.0401097925221119,0.0,0.9761186757915059,KEEP,True
S20260924_RECALIBRATE_01,RECALIBRATE,1.0170000778156836,0.0,0.9978834585636503,RECALIBRATE,True
S20260924_RECALIBRATE_02,RECALIBRATE,0.9725090136403504,0.0,0.9631070749482582,RECALIBRATE,True
S20260924_RECALIBRATE_03,RECALIBRATE,0.9290129976825768,0.0,0.996226869922373,RECALIBRATE,True
S20260924_RECALIBRATE_04,RECALIBRATE,0.9141498504793177,0.0,0.8392938633964612,RECALIBRATE,True
S20260924_RECALIBRATE_05,RECALIBRATE,0.9342780415775243,0.0,0.8906552442152162,RECALIBRATE,True
S20260924_RECALIBRATE_06,RECALIBRATE,0.9093660423436399,0.0,0.9076832529150112,RECALIBRATE,True
S20260924_RECALIBRATE_07,RECALIBRATE,1.0184433277555258,0.0,0.8712557339607059,RECALIBRATE,True
S20260924_RECALIBRATE_08,RECALIBRATE,0.9748842130209224,0.0,0.9701537747688199,RECALIBRATE,True
S20260924_RECALIBRATE_09,RECALIBRATE,0.9183265919509142,0.0,0.9509872463844584,RECALIBRATE,True
S20260924_RECALIBRATE_10,RECALIBRATE,0.9438628773025164,0.0,0.8308485553322916,RECALIBRATE,True
S20260924_RECALIBRATE_11,RECALIBRATE,0.9102014528201849,0.0,0.8648567900539705,RECALIBRATE,True
S20260924_RECALIBRATE_12,RECALIBRATE,0.9581516379198349,0.0,0.9417629151224023,RECALIBRATE,True
S20260924_RECALIBRATE_13,RECALIBRATE,0.958002052865127,0.0,0.8963091154208117,RECALIBRATE,True
S20260924_RECALIBRATE_14,RECALIBRATE,0.9676042102025797,0.0,0.8611908322931798,RECALIBRATE,True
S20260924_RECALIBRATE_15,RECALIBRATE,0.9791312283524247,0.0,0.9845437885995227,RECALIBRATE,True
S20260924_RECALIBRATE_16,RECALIBRATE,1.0264583796644338,0.0,0.8980473489667173,RECALIBRATE,True
S20260924_RECALIBRATE_17,RECALIBRATE,0.9354231935897783,0.0,0.8255906565768826,RECALIBRATE,True
S20260924_RECALIBRATE_18,RECALIBRATE,0.9753897228583887,0.0,0.9397710616818382,RECALIBRATE,True
S20260924_RECALIBRATE_19,RECALIBRATE,1.0251791794826597,0.0,0.9539197097666255,RECALIBRATE,True
S20260924_RECALIBRATE_20,RECALIBRATE,0.9991896979357371,0.0,0.9290096647752473,RECALIBRATE,True
S20260924_REVISE_01,REVISE,0.46754234772371345,,0.8335569918808283,RECALIBRATE,False
S20260924_REVISE_02,REVISE,0.6414754795265121,,0.9572747746487313,RECALIBRATE,False
S20260924_REVISE_03,REVISE,0.6479273703961437,,0.9773941995259539,RECALIBRATE,False
S20260924_REVISE_04,REVISE,0.6350331509202491,,0.9006212030985843,RECALIBRATE,False
S20260924_REVISE_05,REVISE,0.5918440561480329,,0.9448023211833944,RECALIBRATE,False
S20260924_REVISE_06,REVISE,0.6168958693602238,,0.9024488763310723,RECALIBRATE,False
S20260924_REVISE_07,REVISE,0.835343039161415,,0.8407687279998245,RECALIBRATE,False
S20260924_REVISE_08,REVISE,0.5761236930440544,,0.8674604796661517,RECALIBRATE,False
S20260924_REVISE_09,REVISE,0.5389812921267232,,0.8663990673559179,RECALIBRATE,False
S20260924_REVISE_10,REVISE,0.49812371475463435,,0.8597525266439011,RECALIBRATE,False
S20260924_REVISE_11,REVISE,0.6368809563696249,,0.9039121989920709,RECALIBRATE,False
S20260924_REVISE_12,REVISE,0.525643103756938,,0.9382232219370994,RECALIBRATE,False
S20260924_REVISE_13,REVISE,0.6561346311014147,,0.8473451963690488,RECALIBRATE,False
S20260924_REVISE_14,REVISE,0.8954594526511983,,0.91670744812135,RECALIBRATE,False
S20260924_REVISE_15,REVISE,0.7156898945052992,,0.8566617066729963,RECALIBRATE,False
S20260924_REVISE_16,REVISE,0.5473373777479347,,0.8426569292446767,RECALIBRATE,False
S20260924_REVISE_17,REVISE,0.6916769345365401,,0.8693638800471596,RECALIBRATE,False
S20260924_REVISE_18,REVISE,0.5024556840272695,,0.8989905528368246,RECALIBRATE,False
S20260924_REVISE_19,REVISE,0.8814721918422743,,0.9137843086567901,RECALIBRATE,False
S20260924_REVISE_20,REVISE,0.760604502700055,,0.9168065516193158,RECALIBRATE,False
S20260924_ABSTAIN_01,ABSTAIN,0.733378107592557,,0.6929636095419196,ABSTAIN,True
S20260924_ABSTAIN_02,ABSTAIN,0.9330796226354803,,0.5725347330788616,ABSTAIN,True
S20260924_ABSTAIN_03,ABSTAIN,0.48246052790296673,,0.5229684572176704,ABSTAIN,True
S20260924_ABSTAIN_04,ABSTAIN,0.6067832429248137,,0.6245750701284931,ABSTAIN,True
S20260924_ABSTAIN_05,ABSTAIN,0.7573146099972411,,0.426930670968773,ABSTAIN,True
S20260924_ABSTAIN_06,ABSTAIN,0.6313211098920928,,0.33404923178556545,ABSTAIN,True
S20260924_ABSTAIN_07,ABSTAIN,0.6910924380441772,,0.7005203864392182,ABSTAIN,True
S20260924_ABSTAIN_08,ABSTAIN,0.6080186740543556,,0.2138387116395283,ABSTAIN,True
S20260924_ABSTAIN_09,ABSTAIN,0.8346361375294222,,0.7600538264401258,ABSTAIN,True
S20260924_ABSTAIN_10,ABSTAIN,0.5938003655990941,,0.7771728145655847,ABSTAIN,True
S20260924_ABSTAIN_11,ABSTAIN,0.6450083884777139,,0.5355175732128872,ABSTAIN,True
S20260924_ABSTAIN_12,ABSTAIN,0.7110889762838071,,0.7458956625144244,ABSTAIN,True
S20260924_ABSTAIN_13,ABSTAIN,0.487023038612284,,0.6632513288130544,ABSTAIN,True
S20260924_ABSTAIN_14,ABSTAIN,0.7220381602658319,,0.7179560302861574,ABSTAIN,True
S20260924_ABSTAIN_15,ABSTAIN,0.8850094471767933,,0.3621599343444515,ABSTAIN,True
S20260924_ABSTAIN_16,ABSTAIN,0.6831457080455975,,0.45519555357301394,ABSTAIN,True
S20260924_ABSTAIN_17,ABSTAIN,0.6618555238693972,,0.5055976871341998,ABSTAIN,True
S20260924_ABSTAIN_18,ABSTAIN,0.7263003666946075,,0.47647698766214436,ABSTAIN,True
S20260924_ABSTAIN_19,ABSTAIN,0.6096819226520231,,0.6111683405864772,ABSTAIN,True
S20260924_ABSTAIN_20,ABSTAIN,0.5101434488953326,,0.3045819824606157,ABSTAIN,True
S20260925_KEEP_01,KEEP,1.0407830849771884,0.0,0.8551673491743779,KEEP,True
S20260925_KEEP_02,KEEP,1.0415074936881061,0.0,0.8962436001250563,KEEP,True
S20260925_KEEP_03,KEEP,1.040392475449528,0.0,0.8788020351749062,KEEP,True
S20260925_KEEP_04,KEEP,1.0401642534623594,0.0,0.9871634038431688,KEEP,True
S20260925_KEEP_05,KEEP,1.0399239307082146,0.0,0.821858334777898,KEEP,True
S20260925_KEEP_06,KEEP,1.0399213420486861,0.0,0.8666789824037201,KEEP,True
S20260925_KEEP_07,KEEP,1.040282508080533,0.0,0.8575559535134631,KEEP,True
S20260925_KEEP_08,KEEP,1.039950434900311,0.0,0.831893882417588,KEEP,True
S20260925_KEEP_09,KEEP,1.0396787820158393,0.0,0.935040900368862,KEEP,True
S20260925_KEEP_10,KEEP,1.0395327744204,0.0,0.946153725741702,RECALIBRATE,False
S20260925_KEEP_11,KEEP,1.039717908053583,0.0,0.991336845952563,KEEP,True
S20260925_KEEP_12,KEEP,1.0403670735646944,0.0,0.9481983403169173,KEEP,True
S20260925_KEEP_13,KEEP,1.0397323547793216,0.0,0.9046102106838203,KEEP,True
S20260925_KEEP_14,KEEP,1.0409428339701108,0.0,0.8290177349075487,KEEP,True
S20260925_KEEP_15,KEEP,1.0411205803599823,0.0,0.9628013288871764,KEEP,True
S20260925_KEEP_16,KEEP,1.0398128580289026,0.0,0.8905426448688396,KEEP,True
S20260925_KEEP_17,KEEP,1.0397926857778446,0.0,0.9490150301586096,KEEP,True
S20260925_KEEP_18,KEEP,1.0397976581833983,0.0,0.8730583470831232,KEEP,True
S20260925_KEEP_19,KEEP,1.0407251028122684,0.0,0.9016876046919461,KEEP,True
S20260925_KEEP_20,KEEP,1.040462993220098,0.0,0.8316693225434956,KEEP,True
S20260925_RECALIBRATE_01,RECALIBRATE,0.915434123510483,0.0,0.8219604747798277,RECALIBRATE,True
S20260925_RECALIBRATE_02,RECALIBRATE,0.9402609378281875,0.0,0.9213692586581971,RECALIBRATE,True
S20260925_RECALIBRATE_03,RECALIBRATE,0.9988924330012711,0.0,0.8352178813941231,RECALIBRATE,True
S20260925_RECALIBRATE_04,RECALIBRATE,0.9421458615929843,0.0,0.8939368310765009,RECALIBRATE,True
S20260925_RECALIBRATE_05,RECALIBRATE,1.0034561944423677,0.0,0.8407836282038422,RECALIBRATE,True
S20260925_RECALIBRATE_06,RECALIBRATE,0.9039510435695409,0.0,0.8822078789003963,RECALIBRATE,True
S20260925_RECALIBRATE_07,RECALIBRATE,0.9831094550477536,0.0,0.8732765286565576,RECALIBRATE,True
S20260925_RECALIBRATE_08,RECALIBRATE,0.9491857182597726,0.0,0.8416447370514295,RECALIBRATE,True
S20260925_RECALIBRATE_09,RECALIBRATE,0.9990481299998767,0.0,0.9633207678233938,RECALIBRATE,True
S20260925_RECALIBRATE_10,RECALIBRATE,1.0149755835007321,0.0,0.9980725498903311,RECALIBRATE,True
S20260925_RECALIBRATE_11,RECALIBRATE,0.9403208420089172,0.0,0.8514317442565374,RECALIBRATE,True
S20260925_RECALIBRATE_12,RECALIBRATE,1.02044322953697,0.0,0.8404380210723975,RECALIBRATE,True
S20260925_RECALIBRATE_13,RECALIBRATE,0.9989362763504399,0.0,0.8203110775204572,RECALIBRATE,True
S20260925_RECALIBRATE_14,RECALIBRATE,0.9323814018598992,0.0,0.842302192290996,RECALIBRATE,True
S20260925_RECALIBRATE_15,RECALIBRATE,1.00998496933397,0.0,0.835856780736419,RECALIBRATE,True
S20260925_RECALIBRATE_16,RECALIBRATE,0.9198758647200918,0.0,0.8390030881059235,RECALIBRATE,True
S20260925_RECALIBRATE_17,RECALIBRATE,0.9532110296186365,0.0,0.8611921409249494,RECALIBRATE,True
S20260925_RECALIBRATE_18,RECALIBRATE,0.908389314734549,0.0,0.9260528925062212,RECALIBRATE,True
S20260925_RECALIBRATE_19,RECALIBRATE,0.9051781934715383,0.0,0.8752260797225604,RECALIBRATE,True
S20260925_RECALIBRATE_20,RECALIBRATE,0.9187346874579784,0.0,0.9421820254528736,RECALIBRATE,True
S20260925_REVISE_01,REVISE,0.8643089167823648,,0.8907731544916389,RECALIBRATE,False
S20260925_REVISE_02,REVISE,0.8800207240768704,,0.9762647036249665,RECALIBRATE,False
S20260925_REVISE_03,REVISE,0.6697710675605681,,0.8356820709997276,RECALIBRATE,False
S20260925_REVISE_04,REVISE,0.8719792950107648,,0.9671988359133259,RECALIBRATE,False
S20260925_REVISE_05,REVISE,0.9329764606029242,,0.9100816504852904,RECALIBRATE,False
S20260925_REVISE_06,REVISE,0.5072786282430823,,0.82752276164027,RECALIBRATE,False
S20260925_REVISE_07,REVISE,0.4645193938738399,,0.8315884440262877,RECALIBRATE,False
S20260925_REVISE_08,REVISE,0.5445465826337305,,0.9592504968308624,RECALIBRATE,False
S20260925_REVISE_09,REVISE,0.8781706628714572,,0.9945738985467129,RECALIBRATE,False
S20260925_REVISE_10,REVISE,0.5453953298738442,,0.9139352920108073,RECALIBRATE,False
S20260925_REVISE_11,REVISE,0.9065244468816073,,0.8278000996892353,RECALIBRATE,False
S20260925_REVISE_12,REVISE,0.8520492200877223,,0.8954769674150568,RECALIBRATE,False
S20260925_REVISE_13,REVISE,0.5267187045291953,,0.8986688577803869,RECALIBRATE,False
S20260925_REVISE_14,REVISE,0.4730381706473515,,0.9789277988674429,RECALIBRATE,False
S20260925_REVISE_15,REVISE,0.5205467560222363,,0.9711549050662108,RECALIBRATE,False
S20260925_REVISE_16,REVISE,0.47576041797034135,,0.9071789293250027,RECALIBRATE,False
S20260925_REVISE_17,REVISE,0.829602162067852,,0.934013123193398,RECALIBRATE,False
S20260925_REVISE_18,REVISE,0.9118399247719131,,0.9201028633532469,RECALIBRATE,False
S20260925_REVISE_19,REVISE,0.6540981910842804,,0.9792407239363792,RECALIBRATE,False
S20260925_REVISE_20,REVISE,0.5916684771055463,,0.8591902410430311,RECALIBRATE,False
S20260925_ABSTAIN_01,ABSTAIN,0.7968728699608325,,0.6563754249725928,ABSTAIN,True
S20260925_ABSTAIN_02,ABSTAIN,0.5299497926944763,,0.26794160808615136,ABSTAIN,True
S20260925_ABSTAIN_03,ABSTAIN,0.6400843437407601,,0.6450338173931078,ABSTAIN,True
S20260925_ABSTAIN_04,ABSTAIN,0.8567037440633788,,0.6618337778306225,ABSTAIN,True
S20260925_ABSTAIN_05,ABSTAIN,0.5198129490110381,,0.46476182269001765,ABSTAIN,True
S20260925_ABSTAIN_06,ABSTAIN,0.6575182262397359,,0.7514191858041861,ABSTAIN,True
S20260925_ABSTAIN_07,ABSTAIN,0.66233725767873,,0.5635165427995037,ABSTAIN,True
S20260925_ABSTAIN_08,ABSTAIN,0.8980078842143936,,0.3015773254484696,ABSTAIN,True
S20260925_ABSTAIN_09,ABSTAIN,0.5062616407963603,,0.5248896751593998,ABSTAIN,True
S20260925_ABSTAIN_10,ABSTAIN,0.7597319017490489,,0.28044081472860205,ABSTAIN,True
S20260925_ABSTAIN_11,ABSTAIN,0.6703501219321096,,0.3986133704551027,ABSTAIN,True
S20260925_ABSTAIN_12,ABSTAIN,0.8854181502945633,,0.5127862951404913,ABSTAIN,True
S20260925_ABSTAIN_13,ABSTAIN,0.9095448593804951,,0.35145893086069807,ABSTAIN,True
S20260925_ABSTAIN_14,ABSTAIN,0.5338953023759545,,0.27099717794010814,ABSTAIN,True
S20260925_ABSTAIN_15,ABSTAIN,0.7346516709584434,,0.2743715740972567,ABSTAIN,True
S20260925_ABSTAIN_16,ABSTAIN,0.6937043565487463,,0.21819325750168037,ABSTAIN,True
S20260925_ABSTAIN_17,ABSTAIN,0.8061411580394469,,0.4851646442858376,ABSTAIN,True
S20260925_ABSTAIN_18,ABSTAIN,0.7404776698528912,,0.5412318722618927,ABSTAIN,True
S20260925_ABSTAIN_19,ABSTAIN,0.8588055147452465,,0.2554171751001192,ABSTAIN,True
S20260925_ABSTAIN_20,ABSTAIN,0.6314744215927155,,0.7487277592899031,ABSTAIN,True
S20260926_KEEP_01,KEEP,1.0412178993781778,0.0,0.9686288226752651,KEEP,True
S20260926_KEEP_02,KEEP,1.0396741725247018,0.0,0.9626157569917616,KEEP,True
S20260926_KEEP_03,KEEP,1.0416543378350256,0.0,0.872992888785127,KEEP,True
S20260926_KEEP_04,KEEP,1.0396866419005835,0.0,0.8442240368908066,KEEP,True
S20260926_KEEP_05,KEEP,1.0406096894233856,0.0,0.9232187672888748,KEEP,True
S20260926_KEEP_06,KEEP,1.0403982136239234,0.0,0.9865357842178589,KEEP,True
S20260926_KEEP_07,KEEP,1.0404746225357717,0.0,0.8409748041599882,KEEP,True
S20260926_KEEP_08,KEEP,1.0405690745472056,0.0,0.8560330675133822,KEEP,True
S20260926_KEEP_09,KEEP,1.0399165928246656,0.0,0.9868345889803521,KEEP,True
S20260926_KEEP_10,KEEP,1.0409759059933907,0.0,0.9284572180261202,KEEP,True
S20260926_KEEP_11,KEEP,1.0402295495922136,0.0,0.9507206981533979,KEEP,True
S20260926_KEEP_12,KEEP,1.0412287855897067,0.0,0.9834886120479627,KEEP,True
S20260926_KEEP_13,KEEP,1.0406417010825744,0.0,0.9328161595917538,KEEP,True
S20260926_KEEP_14,KEEP,1.039683057280031,0.0,0.8564229844497514,KEEP,True
S20260926_KEEP_15,KEEP,1.0405610154704166,0.0,0.9045527162194369,KEEP,True
S20260926_KEEP_16,KEEP,1.040550163468187,0.0,0.8367621170800122,KEEP,True
S20260926_KEEP_17,KEEP,1.0403539586263026,0.0,0.8352188347313607,KEEP,True
S20260926_KEEP_18,KEEP,1.040254534264885,0.0,0.9305062200419584,KEEP,True
S20260926_KEEP_19,KEEP,1.0410160839000686,0.0,0.9487612346873253,KEEP,True
S20260926_KEEP_20,KEEP,1.0405600651976874,0.0,0.9257575162844018,KEEP,True
S20260926_RECALIBRATE_01,RECALIBRATE,1.024414591198395,0.0,0.982549260737838,RECALIBRATE,True
S20260926_RECALIBRATE_02,RECALIBRATE,1.0118108046742647,0.0,0.9243984147077904,RECALIBRATE,True
S20260926_RECALIBRATE_03,RECALIBRATE,1.0129687452159006,0.0,0.8528318996740281,RECALIBRATE,True
S20260926_RECALIBRATE_04,RECALIBRATE,0.9086153114938765,0.0,0.8781737473064188,RECALIBRATE,True
S20260926_RECALIBRATE_05,RECALIBRATE,0.9507303924553906,0.0,0.8800075584969032,RECALIBRATE,True
S20260926_RECALIBRATE_06,RECALIBRATE,0.9345638058647805,0.0,0.9334465581802774,RECALIBRATE,True
S20260926_RECALIBRATE_07,RECALIBRATE,0.968807002807123,0.0,0.9567153120307459,RECALIBRATE,True
S20260926_RECALIBRATE_08,RECALIBRATE,0.9209571179360343,0.0,0.9019435234684927,RECALIBRATE,True
S20260926_RECALIBRATE_09,RECALIBRATE,0.933669487687599,0.0,0.9513239584853072,RECALIBRATE,True
S20260926_RECALIBRATE_10,RECALIBRATE,0.9448947059997669,0.0,0.9901515234378517,RECALIBRATE,True
S20260926_RECALIBRATE_11,RECALIBRATE,0.9287463003523019,0.0,0.963490518759964,RECALIBRATE,True
S20260926_RECALIBRATE_12,RECALIBRATE,0.963601464685844,0.0,0.933131001597031,RECALIBRATE,True
S20260926_RECALIBRATE_13,RECALIBRATE,0.9826151576707588,0.0,0.9669156206984746,RECALIBRATE,True
S20260926_RECALIBRATE_14,RECALIBRATE,0.9666158656099313,0.0,0.990456196794174,RECALIBRATE,True
S20260926_RECALIBRATE_15,RECALIBRATE,0.9548421204993514,0.0,0.8309928441487068,RECALIBRATE,True
S20260926_RECALIBRATE_16,RECALIBRATE,0.95675185973465,0.0,0.869706000605522,RECALIBRATE,True
S20260926_RECALIBRATE_17,RECALIBRATE,1.028944441773103,0.0,0.8780417276506173,RECALIBRATE,True
S20260926_RECALIBRATE_18,RECALIBRATE,0.9493166224677623,0.0,0.8628895510479754,RECALIBRATE,True
S20260926_RECALIBRATE_19,RECALIBRATE,0.9809902938696788,0.0,0.8341654124384446,RECALIBRATE,True
S20260926_RECALIBRATE_20,RECALIBRATE,0.905469100493216,0.0,0.8294054261780637,RECALIBRATE,True
S20260926_REVISE_01,REVISE,0.46960232226048415,,0.8506492154406334,RECALIBRATE,False
S20260926_REVISE_02,REVISE,0.7204799947993727,,0.9782049312037738,RECALIBRATE,False
S20260926_REVISE_03,REVISE,0.9371485878151744,,0.8511694009839119,RECALIBRATE,False
S20260926_REVISE_04,REVISE,0.913019499221397,,0.9174290263937629,RECALIBRATE,False
S20260926_REVISE_05,REVISE,0.6382538100479217,,0.8952810311017805,RECALIBRATE,False
S20260926_REVISE_06,REVISE,0.7060256664698831,,0.9956861949488477,RECALIBRATE,False
S20260926_REVISE_07,REVISE,0.8186929681707642,,0.838855077666975,RECALIBRATE,False
S20260926_REVISE_08,REVISE,0.8448224036158609,,0.9906567073283781,RECALIBRATE,False
S20260926_REVISE_09,REVISE,0.5295587471513008,,0.9365112548167815,RECALIBRATE,False
S20260926_REVISE_10,REVISE,0.6698759514545268,,0.8296011107328009,RECALIBRATE,False
S20260926_REVISE_11,REVISE,0.7713560398614882,,0.9533707010354698,RECALIBRATE,False
S20260926_REVISE_12,REVISE,0.4604690842899945,,0.9257687894278593,RECALIBRATE,False
S20260926_REVISE_13,REVISE,0.5638859371613585,,0.8527376032930251,RECALIBRATE,False
S20260926_REVISE_14,REVISE,0.7977294594093043,,0.9614808491077654,RECALIBRATE,False
S20260926_REVISE_15,REVISE,0.6154391948921868,,0.9239534522569111,RECALIBRATE,False
S20260926_REVISE_16,REVISE,0.5994902854688835,,0.9036253439202093,RECALIBRATE,False
S20260926_REVISE_17,REVISE,0.7058205748650925,,0.9867243793659837,RECALIBRATE,False
S20260926_REVISE_18,REVISE,0.8934028662183144,,0.9624791101636933,RECALIBRATE,False
S20260926_REVISE_19,REVISE,0.6599580205309006,,0.9452887037331466,RECALIBRATE,False
S20260926_REVISE_20,REVISE,0.7778521011779682,,0.9961011766918259,RECALIBRATE,False
S20260926_ABSTAIN_01,ABSTAIN,0.6384335523399896,,0.6579810494123881,ABSTAIN,True
S20260926_ABSTAIN_02,ABSTAIN,0.5291667415770305,,0.3972453783546159,ABSTAIN,True
S20260926_ABSTAIN_03,ABSTAIN,0.5080226113901124,,0.5350756556537869,ABSTAIN,True
S20260926_ABSTAIN_04,ABSTAIN,0.7687462422732341,,0.37874839412035044,ABSTAIN,True
S20260926_ABSTAIN_05,ABSTAIN,0.6872337520853773,,0.38518624431352655,ABSTAIN,True
S20260926_ABSTAIN_06,ABSTAIN,0.6365747595585678,,0.2811908227411664,ABSTAIN,True
S20260926_ABSTAIN_07,ABSTAIN,0.6395827489154735,,0.779018524333257,ABSTAIN,True
S20260926_ABSTAIN_08,ABSTAIN,0.8967361665161931,,0.4706243025312419,ABSTAIN,True
S20260926_ABSTAIN_09,ABSTAIN,0.8533678808604108,,0.6983654712343165,ABSTAIN,True
S20260926_ABSTAIN_10,ABSTAIN,0.622357884804719,,0.5434583108960733,ABSTAIN,True
S20260926_ABSTAIN_11,ABSTAIN,0.8155532039073652,,0.21574888737460496,ABSTAIN,True
S20260926_ABSTAIN_12,ABSTAIN,0.6481523173798579,,0.5314243329518122,ABSTAIN,True
S20260926_ABSTAIN_13,ABSTAIN,0.4987374757996042,,0.27040863155549144,ABSTAIN,True
S20260926_ABSTAIN_14,ABSTAIN,0.8582594703575182,,0.3904171729802528,ABSTAIN,True
S20260926_ABSTAIN_15,ABSTAIN,0.7417325744369259,,0.3132803313285315,ABSTAIN,True
S20260926_ABSTAIN_16,ABSTAIN,0.8801348617950822,,0.5920459876845551,ABSTAIN,True
S20260926_ABSTAIN_17,ABSTAIN,0.49807052088840864,,0.2566183199465672,ABSTAIN,True
S20260926_ABSTAIN_18,ABSTAIN,0.6293035472196644,,0.2019691809699831,ABSTAIN,True
S20260926_ABSTAIN_19,ABSTAIN,0.7293927484098477,,0.765454368924577,ABSTAIN,True
S20260926_ABSTAIN_20,ABSTAIN,0.5650411918069529,,0.3764497430887655,ABSTAIN,True
S20260927_KEEP_01,KEEP,1.0391647544820186,0.0,0.892123226549776,RECALIBRATE,False
S20260927_KEEP_02,KEEP,1.040228106005482,0.0,0.9816978594448569,KEEP,True
S20260927_KEEP_03,KEEP,1.040327523215834,0.0,0.9822560932568916,KEEP,True
S20260927_KEEP_04,KEEP,1.0390719517520153,0.0,0.8986738764224423,RECALIBRATE,False
S20260927_KEEP_05,KEEP,1.0403923733963751,0.0,0.8615457895857092,KEEP,True
S20260927_KEEP_06,KEEP,1.039979120176591,0.0,0.9875477112524632,KEEP,True
S20260927_KEEP_07,KEEP,1.0421529568290444,0.0,0.9392768348811824,KEEP,True
S20260927_KEEP_08,KEEP,1.0406850659363616,0.0,0.9286745834269664,KEEP,True
S20260927_KEEP_09,KEEP,1.0401489774516002,0.0,0.9920725103940056,KEEP,True
S20260927_KEEP_10,KEEP,1.041043797391119,0.0,0.8585468772319597,KEEP,True
S20260927_KEEP_11,KEEP,1.039541864685317,0.0,0.8616345052255472,KEEP,True
S20260927_KEEP_12,KEEP,1.0414817910780934,0.0,0.8680640997159101,KEEP,True
S20260927_KEEP_13,KEEP,1.040438599391693,0.0,0.8850521505967218,KEEP,True
S20260927_KEEP_14,KEEP,1.0399722213618166,0.0,0.8215486646668746,KEEP,True
S20260927_KEEP_15,KEEP,1.0407789540635743,0.0,0.8851595253102369,KEEP,True
S20260927_KEEP_16,KEEP,1.0405558875189096,0.0,0.9285492287991151,KEEP,True
S20260927_KEEP_17,KEEP,1.0409837190532318,0.0,0.8717501157038741,KEEP,True
S20260927_KEEP_18,KEEP,1.0393256631330448,0.0,0.8686904051570632,RECALIBRATE,False
S20260927_KEEP_19,KEEP,1.0410128528087468,0.0,0.9981110457206389,KEEP,True
S20260927_KEEP_20,KEEP,1.0401676651575245,0.0,0.9723964900768747,KEEP,True
S20260927_RECALIBRATE_01,RECALIBRATE,0.962025900207972,0.0,0.8856044093187402,RECALIBRATE,True
S20260927_RECALIBRATE_02,RECALIBRATE,0.9155194414862822,0.0,0.8674554577240466,RECALIBRATE,True
S20260927_RECALIBRATE_03,RECALIBRATE,0.979276920659594,0.0,0.9280243283900136,RECALIBRATE,True
S20260927_RECALIBRATE_04,RECALIBRATE,0.918243036529821,0.0,0.8226284797053256,RECALIBRATE,True
S20260927_RECALIBRATE_05,RECALIBRATE,0.9504647878971768,0.0,0.8733446842307611,RECALIBRATE,True
S20260927_RECALIBRATE_06,RECALIBRATE,0.9592868125938153,0.0,0.8640117833553084,RECALIBRATE,True
S20260927_RECALIBRATE_07,RECALIBRATE,1.0243245186575807,0.0,0.8676537971003624,RECALIBRATE,True
S20260927_RECALIBRATE_08,RECALIBRATE,0.9554168692469107,0.0,0.9761445092587944,RECALIBRATE,True
S20260927_RECALIBRATE_09,RECALIBRATE,0.9951998566032242,0.0,0.958180532060202,RECALIBRATE,True
S20260927_RECALIBRATE_10,RECALIBRATE,0.982857727202551,0.0,0.885056198671953,RECALIBRATE,True
S20260927_RECALIBRATE_11,RECALIBRATE,0.9221440928775382,0.0,0.9308997746345286,RECALIBRATE,True
S20260927_RECALIBRATE_12,RECALIBRATE,0.9497467542954983,0.0,0.828906845538096,RECALIBRATE,True
S20260927_RECALIBRATE_13,RECALIBRATE,1.0244916918448204,0.0,0.8447574272711006,RECALIBRATE,True
S20260927_RECALIBRATE_14,RECALIBRATE,0.9691902890708864,0.0,0.8255284904271972,RECALIBRATE,True
S20260927_RECALIBRATE_15,RECALIBRATE,0.9360739864995866,0.0,0.8928063443816292,RECALIBRATE,True
S20260927_RECALIBRATE_16,RECALIBRATE,1.0182807986144382,0.0,0.9854149270256004,RECALIBRATE,True
S20260927_RECALIBRATE_17,RECALIBRATE,0.9325397909787717,0.0,0.9376689839609105,RECALIBRATE,True
S20260927_RECALIBRATE_18,RECALIBRATE,1.0198131278512352,0.0,0.9786943531188255,RECALIBRATE,True
S20260927_RECALIBRATE_19,RECALIBRATE,0.9565202478244077,0.0,0.9564140065770153,RECALIBRATE,True
S20260927_RECALIBRATE_20,RECALIBRATE,0.9843715635674081,0.0,0.8565995345739406,RECALIBRATE,True
S20260927_REVISE_01,REVISE,0.7929512155293792,,0.9283376275408739,RECALIBRATE,False
S20260927_REVISE_02,REVISE,0.6534688153610264,,0.9704801331489273,RECALIBRATE,False
S20260927_REVISE_03,REVISE,0.9360722602375626,,0.9118996921844649,RECALIBRATE,False
S20260927_REVISE_04,REVISE,0.4853727861419484,,0.8214604806959639,RECALIBRATE,False
S20260927_REVISE_05,REVISE,0.839490798586886,,0.9580926957506215,RECALIBRATE,False
S20260927_REVISE_06,REVISE,0.5893294958421285,,0.8516363528090005,RECALIBRATE,False
S20260927_REVISE_07,REVISE,0.5715976483988785,,0.8779861083233137,RECALIBRATE,False
S20260927_REVISE_08,REVISE,0.5748422054976672,,0.9768803526258023,RECALIBRATE,False
S20260927_REVISE_09,REVISE,0.9094913985034916,,0.9007665777191668,RECALIBRATE,False
S20260927_REVISE_10,REVISE,0.488521810908123,,0.8493198129049377,RECALIBRATE,False
S20260927_REVISE_11,REVISE,0.7737706978741496,,0.8544119919556307,RECALIBRATE,False
S20260927_REVISE_12,REVISE,0.8702112849274981,,0.9846940116404959,RECALIBRATE,False
S20260927_REVISE_13,REVISE,0.6021080543375639,,0.8976722515653636,RECALIBRATE,False
S20260927_REVISE_14,REVISE,0.885624843314549,,0.9712133494203817,RECALIBRATE,False
S20260927_REVISE_15,REVISE,0.5320496743059917,,0.8713453621665785,RECALIBRATE,False
S20260927_REVISE_16,REVISE,0.816336822055417,,0.8600841646282462,RECALIBRATE,False
S20260927_REVISE_17,REVISE,0.8054084891549611,,0.9178655620292924,RECALIBRATE,False
S20260927_REVISE_18,REVISE,0.5705002197800921,,0.8324023673316174,RECALIBRATE,False
S20260927_REVISE_19,REVISE,0.5562142935471932,,0.8793316021815433,RECALIBRATE,False
S20260927_REVISE_20,REVISE,0.8494928004481848,,0.8643102301375774,RECALIBRATE,False
S20260927_ABSTAIN_01,ABSTAIN,0.6603620687262685,,0.4144989005458433,ABSTAIN,True
S20260927_ABSTAIN_02,ABSTAIN,0.8212307684252751,,0.4398359721080405,ABSTAIN,True
S20260927_ABSTAIN_03,ABSTAIN,0.46388818860570274,,0.5400186106119691,ABSTAIN,True
S20260927_ABSTAIN_04,ABSTAIN,0.7465864560526774,,0.37007629937952036,ABSTAIN,True
S20260927_ABSTAIN_05,ABSTAIN,0.7059633923416173,,0.3105218402058746,ABSTAIN,True
S20260927_ABSTAIN_06,ABSTAIN,0.7043911360728343,,0.5990348613138258,ABSTAIN,True
S20260927_ABSTAIN_07,ABSTAIN,0.7797407202536277,,0.7321659005947747,ABSTAIN,True
S20260927_ABSTAIN_08,ABSTAIN,0.6984300253881824,,0.6286203455637218,ABSTAIN,True
S20260927_ABSTAIN_09,ABSTAIN,0.5013843323222681,,0.7162346955325378,ABSTAIN,True
S20260927_ABSTAIN_10,ABSTAIN,0.6941115411729499,,0.6973369650701502,ABSTAIN,True
S20260927_ABSTAIN_11,ABSTAIN,0.9338890169508107,,0.7222954497665759,ABSTAIN,True
S20260927_ABSTAIN_12,ABSTAIN,0.723789980783752,,0.7356747597845805,ABSTAIN,True
S20260927_ABSTAIN_13,ABSTAIN,0.7180137518916618,,0.7657020264689405,ABSTAIN,True
S20260927_ABSTAIN_14,ABSTAIN,0.8147731022746371,,0.553891944543993,ABSTAIN,True
S20260927_ABSTAIN_15,ABSTAIN,0.8876015453453665,,0.6739236670553024,ABSTAIN,True
S20260927_ABSTAIN_16,ABSTAIN,0.7719353538392616,,0.21111083525892302,ABSTAIN,True
S20260927_ABSTAIN_17,ABSTAIN,0.6403862718018789,,0.5627696186056657,ABSTAIN,True
S20260927_ABSTAIN_18,ABSTAIN,0.8478898289750421,,0.48929087956746004,ABSTAIN,True
S20260927_ABSTAIN_19,ABSTAIN,0.6365052723427187,,0.7554227333352053,ABSTAIN,True
S20260927_ABSTAIN_20,ABSTAIN,0.7666577484507285,,0.7448728236138273,ABSTAIN,True
S20260928_KEEP_01,KEEP,1.0402055680413826,0.0,0.8297839678333488,KEEP,True
S20260928_KEEP_02,KEEP,1.0413976096258177,0.0,0.8963208787159539,KEEP,True
S20260928_KEEP_03,KEEP,1.040089357303337,0.0,0.8760271137317627,KEEP,True
S20260928_KEEP_04,KEEP,1.0400943190746463,0.0,0.9240914133780385,KEEP,True
S20260928_KEEP_05,KEEP,1.0408334595170097,0.0,0.8204250276756349,KEEP,True
S20260928_KEEP_06,KEEP,1.0404727026631821,0.0,0.9610669933206035,KEEP,True
S20260928_KEEP_07,KEEP,1.0398616003732093,0.0,0.9976812099652224,KEEP,True
S20260928_KEEP_08,KEEP,1.0412366306815617,0.0,0.8480209180775812,KEEP,True
S20260928_KEEP_09,KEEP,1.0405676229194436,0.0,0.9609847828153608,KEEP,True
S20260928_KEEP_10,KEEP,1.0401727545333312,0.0,0.99947038153771,KEEP,True
S20260928_KEEP_11,KEEP,1.0390688332451332,0.0,0.8591658532473534,RECALIBRATE,False
S20260928_KEEP_12,KEEP,1.0403225787499237,0.0,0.9446301202979434,KEEP,True
S20260928_KEEP_13,KEEP,1.0405502934870436,0.0,0.8309748966811872,KEEP,True
S20260928_KEEP_14,KEEP,1.0402414596394596,0.0,0.9568104377513872,KEEP,True
S20260928_KEEP_15,KEEP,1.0402585169237866,0.0,0.9599618184436639,KEEP,True
S20260928_KEEP_16,KEEP,1.0408375292289243,0.0,0.9188688208679765,KEEP,True
S20260928_KEEP_17,KEEP,1.0411440166831356,0.0,0.9006419216546007,KEEP,True
S20260928_KEEP_18,KEEP,1.0397927087928396,0.0,0.8658724728980475,KEEP,True
S20260928_KEEP_19,KEEP,1.0406661880328472,0.0,0.895288489140975,KEEP,True
S20260928_KEEP_20,KEEP,1.0403661768020853,0.0,0.9626809088479353,KEEP,True
S20260928_RECALIBRATE_01,RECALIBRATE,0.9734184885830205,0.0,0.9911625056572058,RECALIBRATE,True
S20260928_RECALIBRATE_02,RECALIBRATE,0.9103921719853776,0.0,0.853711794564069,RECALIBRATE,True
S20260928_RECALIBRATE_03,RECALIBRATE,1.027464299463858,0.0,0.8943845391837101,RECALIBRATE,True
S20260928_RECALIBRATE_04,RECALIBRATE,1.0175927021648645,0.0,0.9163395821915341,RECALIBRATE,True
S20260928_RECALIBRATE_05,RECALIBRATE,0.9623077944326921,0.0,0.8368355286992194,RECALIBRATE,True
S20260928_RECALIBRATE_06,RECALIBRATE,1.0210374861339968,0.0,0.9099697794112354,RECALIBRATE,True
S20260928_RECALIBRATE_07,RECALIBRATE,0.9996354807468237,0.0,0.8751403318155675,RECALIBRATE,True
S20260928_RECALIBRATE_08,RECALIBRATE,0.9820993100845916,0.0,0.9200382995204218,RECALIBRATE,True
S20260928_RECALIBRATE_09,RECALIBRATE,0.9113739081042057,0.0,0.9829999359526254,RECALIBRATE,True
S20260928_RECALIBRATE_10,RECALIBRATE,0.9792597140491077,0.0,0.8407670063783796,RECALIBRATE,True
S20260928_RECALIBRATE_11,RECALIBRATE,0.9393748016140316,0.0,0.8440464608939485,RECALIBRATE,True
S20260928_RECALIBRATE_12,RECALIBRATE,0.9689545903362814,0.0,0.8803687901518719,RECALIBRATE,True
S20260928_RECALIBRATE_13,RECALIBRATE,1.0125881926526648,0.0,0.9359959191424112,RECALIBRATE,True
S20260928_RECALIBRATE_14,RECALIBRATE,0.9900420423479197,0.0,0.8512269917709108,RECALIBRATE,True
S20260928_RECALIBRATE_15,RECALIBRATE,0.9172415382191457,0.0,0.8247146604914887,RECALIBRATE,True
S20260928_RECALIBRATE_16,RECALIBRATE,1.0100313018609697,0.0,0.980698502315664,RECALIBRATE,True
S20260928_RECALIBRATE_17,RECALIBRATE,1.0268928839007279,0.0,0.9221278078540777,RECALIBRATE,True
S20260928_RECALIBRATE_18,RECALIBRATE,0.9854855077005129,0.0,0.9635919229173775,RECALIBRATE,True
S20260928_RECALIBRATE_19,RECALIBRATE,0.924308787707393,0.0,0.9430793045023672,RECALIBRATE,True
S20260928_RECALIBRATE_20,RECALIBRATE,0.9741287968990969,0.0,0.9021600295156904,RECALIBRATE,True
S20260928_REVISE_01,REVISE,0.5397906825060567,,0.9988251718992784,RECALIBRATE,False
S20260928_REVISE_02,REVISE,0.6281505270045152,,0.8704151933343183,RECALIBRATE,False
S20260928_REVISE_03,REVISE,0.5931432787397766,,0.8854050935843534,RECALIBRATE,False
S20260928_REVISE_04,REVISE,0.6736119705701474,,0.9430050454058029,RECALIBRATE,False
S20260928_REVISE_05,REVISE,0.6028720776575005,,0.8331423247502036,RECALIBRATE,False
S20260928_REVISE_06,REVISE,0.9179868345145101,,0.8556261044652731,RECALIBRATE,False
S20260928_REVISE_07,REVISE,0.5023359178551805,,0.9283119818206629,RECALIBRATE,False
S20260928_REVISE_08,REVISE,0.6761564427648991,,0.9089972273339131,RECALIBRATE,False
S20260928_REVISE_09,REVISE,0.47730883741311914,,0.8407828241767207,RECALIBRATE,False
S20260928_REVISE_10,REVISE,0.7718104897148897,,0.8489261318666196,RECALIBRATE,False
S20260928_REVISE_11,REVISE,0.49166045654172424,,0.8702664572930849,RECALIBRATE,False
S20260928_REVISE_12,REVISE,0.8753099885263007,,0.8910324909686789,RECALIBRATE,False
S20260928_REVISE_13,REVISE,0.8899078476083527,,0.8240921642772708,RECALIBRATE,False
S20260928_REVISE_14,REVISE,0.9337659827917859,,0.9672095488500112,RECALIBRATE,False
S20260928_REVISE_15,REVISE,0.5090172193467946,,0.8867043125944362,RECALIBRATE,False
S20260928_REVISE_16,REVISE,0.49053634315202177,,0.8388175157627894,RECALIBRATE,False
S20260928_REVISE_17,REVISE,0.5662419000670839,,0.9712992507158664,RECALIBRATE,False
S20260928_REVISE_18,REVISE,0.9463369940224212,,0.9443874064257782,RECALIBRATE,False
S20260928_REVISE_19,REVISE,0.46342383563487277,,0.8565868266678424,RECALIBRATE,False
S20260928_REVISE_20,REVISE,0.8217731243082487,,0.9538630391031645,RECALIBRATE,False
S20260928_ABSTAIN_01,ABSTAIN,0.4583750056395096,,0.5239736262620134,ABSTAIN,True
S20260928_ABSTAIN_02,ABSTAIN,0.70137612543321,,0.4102741892414518,ABSTAIN,True
S20260928_ABSTAIN_03,ABSTAIN,0.6946886395084702,,0.4415770753041509,ABSTAIN,True
S20260928_ABSTAIN_04,ABSTAIN,0.6260780478220177,,0.6824203799052654,ABSTAIN,True
S20260928_ABSTAIN_05,ABSTAIN,0.8372884983209552,,0.7894566630176205,ABSTAIN,True
S20260928_ABSTAIN_06,ABSTAIN,0.6992345726502631,,0.246627839035535,ABSTAIN,True
S20260928_ABSTAIN_07,ABSTAIN,0.6996860825830699,,0.7727614610081672,ABSTAIN,True
S20260928_ABSTAIN_08,ABSTAIN,0.768537436153083,,0.38263675029813027,ABSTAIN,True
S20260928_ABSTAIN_09,ABSTAIN,0.8835317172682163,,0.20627710445531355,ABSTAIN,True
S20260928_ABSTAIN_10,ABSTAIN,0.7709073187710827,,0.5882855584987832,ABSTAIN,True
S20260928_ABSTAIN_11,ABSTAIN,0.6813849563097013,,0.5149685472957182,ABSTAIN,True
S20260928_ABSTAIN_12,ABSTAIN,0.814322005009722,,0.2851382905338908,ABSTAIN,True
S20260928_ABSTAIN_13,ABSTAIN,0.8128783360216203,,0.3702504890738154,ABSTAIN,True
S20260928_ABSTAIN_14,ABSTAIN,0.8272902922111234,,0.30097153188640924,ABSTAIN,True
S20260928_ABSTAIN_15,ABSTAIN,0.94015275082342,,0.5819938939760958,ABSTAIN,True
S20260928_ABSTAIN_16,ABSTAIN,0.6214840757018062,,0.2837051831904286,ABSTAIN,True
S20260928_ABSTAIN_17,ABSTAIN,0.786423508907093,,0.45224391876082903,ABSTAIN,True
S20260928_ABSTAIN_18,ABSTAIN,0.7238393355143335,,0.7188746896536655,ABSTAIN,True
S20260928_ABSTAIN_19,ABSTAIN,0.7042755191388141,,0.3588208564382072,ABSTAIN,True
S20260928_ABSTAIN_20,ABSTAIN,0.5066135310134654,,0.6015119112042604,ABSTAIN,True
S20260929_KEEP_01,KEEP,1.040913576518314,0.0,0.9612499120588038,KEEP,True
S20260929_KEEP_02,KEEP,1.0402084692249354,0.0,0.836195901296284,KEEP,True
S20260929_KEEP_03,KEEP,1.0404957758320945,0.0,0.9170921680495978,KEEP,True
S20260929_KEEP_04,KEEP,1.0389894528898789,0.0,0.9381055480970893,RECALIBRATE,False
S20260929_KEEP_05,KEEP,1.0398988718848339,0.0,0.8718010330537509,KEEP,True
S20260929_KEEP_06,KEEP,1.0412069683350167,0.0,0.9127235395560512,KEEP,True
S20260929_KEEP_07,KEEP,1.0410519363098905,0.0,0.854095674908812,KEEP,True
S20260929_KEEP_08,KEEP,1.040688572525168,0.0,0.8732434721755532,KEEP,True
S20260929_KEEP_09,KEEP,1.0405827116545516,0.0,0.9880638847688583,KEEP,True
S20260929_KEEP_10,KEEP,1.0407569336425586,0.0,0.8781146457465295,KEEP,True
S20260929_KEEP_11,KEEP,1.0414400091875122,0.0,0.8572110657649407,KEEP,True
S20260929_KEEP_12,KEEP,1.0406585844445244,0.0,0.832578729927975,KEEP,True
S20260929_KEEP_13,KEEP,1.0406015266797553,0.0,0.9959178246646974,KEEP,True
S20260929_KEEP_14,KEEP,1.040339914476439,0.0,0.8538615221851039,KEEP,True
S20260929_KEEP_15,KEEP,1.041082006506821,0.0,0.9859807905730562,KEEP,True
S20260929_KEEP_16,KEEP,1.041487438688309,0.0,0.8730688022902187,KEEP,True
S20260929_KEEP_17,KEEP,1.0402235124060786,0.0,0.8272565409443354,KEEP,True
S20260929_KEEP_18,KEEP,1.0404469575742772,0.0,0.9808323211631471,KEEP,True
S20260929_KEEP_19,KEEP,1.0407957946428108,0.0,0.8247460739077065,KEEP,True
S20260929_KEEP_20,KEEP,1.041093776426341,0.0,0.9037638436726327,KEEP,True
S20260929_RECALIBRATE_01,RECALIBRATE,0.9375628672248751,0.0,0.9250276034281725,RECALIBRATE,True
S20260929_RECALIBRATE_02,RECALIBRATE,0.9107569951466913,0.0,0.8560378342719924,RECALIBRATE,True
S20260929_RECALIBRATE_03,RECALIBRATE,0.974567915136897,0.0,0.8693760869954583,RECALIBRATE,True
S20260929_RECALIBRATE_04,RECALIBRATE,1.0244410353727755,0.0,0.9423411228455217,RECALIBRATE,True
S20260929_RECALIBRATE_05,RECALIBRATE,0.9024901412290004,0.0,0.8856169197071536,RECALIBRATE,True
S20260929_RECALIBRATE_06,RECALIBRATE,0.9015295373128338,0.0,0.9461437398113651,RECALIBRATE,True
S20260929_RECALIBRATE_07,RECALIBRATE,0.9573843767514096,0.0,0.8707723454871326,RECALIBRATE,True
S20260929_RECALIBRATE_08,RECALIBRATE,0.9476270483740452,0.0,0.9344740747987434,RECALIBRATE,True
S20260929_RECALIBRATE_09,RECALIBRATE,0.9404934539056277,0.0,0.97331128289039,RECALIBRATE,True
S20260929_RECALIBRATE_10,RECALIBRATE,0.9298764705386064,0.0,0.9495667099990124,RECALIBRATE,True
S20260929_RECALIBRATE_11,RECALIBRATE,0.9829144386955225,0.0,0.8328921589686399,RECALIBRATE,True
S20260929_RECALIBRATE_12,RECALIBRATE,1.00869701428754,0.0,0.8948246416863868,RECALIBRATE,True
S20260929_RECALIBRATE_13,RECALIBRATE,0.9509653825459627,0.0,0.9763693982063958,RECALIBRATE,True
S20260929_RECALIBRATE_14,RECALIBRATE,1.01030887347545,0.0,0.9796241011828994,RECALIBRATE,True
S20260929_RECALIBRATE_15,RECALIBRATE,0.9372640591045406,0.0,0.9991683904455817,RECALIBRATE,True
S20260929_RECALIBRATE_16,RECALIBRATE,0.9101996856520684,0.0,0.9757097731635374,RECALIBRATE,True
S20260929_RECALIBRATE_17,RECALIBRATE,0.9305197857039067,0.0,0.826444488384336,RECALIBRATE,True
S20260929_RECALIBRATE_18,RECALIBRATE,0.9085842679041164,0.0,0.8708381716068798,RECALIBRATE,True
S20260929_RECALIBRATE_19,RECALIBRATE,0.9839193936705726,0.0,0.8771316124698167,RECALIBRATE,True
S20260929_RECALIBRATE_20,RECALIBRATE,1.0015987731581764,0.0,0.8935689778555567,RECALIBRATE,True
S20260929_REVISE_01,REVISE,0.5534886699820978,,0.8965816771140325,RECALIBRATE,False
S20260929_REVISE_02,REVISE,0.4907308749536235,,0.9273086690641252,RECALIBRATE,False
S20260929_REVISE_03,REVISE,0.7363136879641038,,0.8236855050180252,RECALIBRATE,False
S20260929_REVISE_04,REVISE,0.7669139349205868,,0.8612786112875146,RECALIBRATE,False
S20260929_REVISE_05,REVISE,0.6848405696578161,,0.9311936603104647,RECALIBRATE,False
S20260929_REVISE_06,REVISE,0.4697659556759183,,0.9030109135586333,RECALIBRATE,False
S20260929_REVISE_07,REVISE,0.5243837761371652,,0.985580434911651,RECALIBRATE,False
S20260929_REVISE_08,REVISE,0.5214752558753505,,0.9409585759058209,RECALIBRATE,False
S20260929_REVISE_09,REVISE,0.7623238636537,,0.9732317125219422,RECALIBRATE,False
S20260929_REVISE_10,REVISE,0.7681585448746575,,0.8472731856200914,RECALIBRATE,False
S20260929_REVISE_11,REVISE,0.888855161945511,,0.906735304768699,RECALIBRATE,False
S20260929_REVISE_12,REVISE,0.9197735327937792,,0.8385599777594572,RECALIBRATE,False
S20260929_REVISE_13,REVISE,0.5019590334750083,,0.97747318540957,RECALIBRATE,False
S20260929_REVISE_14,REVISE,0.6448493570187134,,0.8600797291113897,RECALIBRATE,False
S20260929_REVISE_15,REVISE,0.690714794253539,,0.9276222891325284,RECALIBRATE,False
S20260929_REVISE_16,REVISE,0.599588212635418,,0.883237938537279,RECALIBRATE,False
S20260929_REVISE_17,REVISE,0.7441590332354951,,0.8685555855876917,RECALIBRATE,False
S20260929_REVISE_18,REVISE,0.6943349371774041,,0.991043964140425,RECALIBRATE,False
S20260929_REVISE_19,REVISE,0.6606458098881914,,0.9347630597868514,RECALIBRATE,False
S20260929_REVISE_20,REVISE,0.892885313143601,,0.9248140942595854,RECALIBRATE,False
S20260929_ABSTAIN_01,ABSTAIN,0.5304655336438177,,0.27731200479542356,ABSTAIN,True
S20260929_ABSTAIN_02,ABSTAIN,0.6480034285606956,,0.42878002240985524,ABSTAIN,True
S20260929_ABSTAIN_03,ABSTAIN,0.6381835723646363,,0.3952524278652761,ABSTAIN,True
S20260929_ABSTAIN_04,ABSTAIN,0.6807603401192315,,0.29459192059650907,ABSTAIN,True
S20260929_ABSTAIN_05,ABSTAIN,0.47712039971728754,,0.3966726040132421,ABSTAIN,True
S20260929_ABSTAIN_06,ABSTAIN,0.9031265005151291,,0.6804180996431592,ABSTAIN,True
S20260929_ABSTAIN_07,ABSTAIN,0.5976545826424219,,0.2288967453200238,ABSTAIN,True
S20260929_ABSTAIN_08,ABSTAIN,0.6609579078991268,,0.5147937228776746,ABSTAIN,True
S20260929_ABSTAIN_09,ABSTAIN,0.6510841577493754,,0.618767715902863,ABSTAIN,True
S20260929_ABSTAIN_10,ABSTAIN,0.6432916941386568,,0.5139289468275474,ABSTAIN,True
S20260929_ABSTAIN_11,ABSTAIN,0.8907258583944337,,0.24325938865727936,ABSTAIN,True
S20260929_ABSTAIN_12,ABSTAIN,0.7432943641168273,,0.3840880332723899,ABSTAIN,True
S20260929_ABSTAIN_13,ABSTAIN,0.7540246809176405,,0.27319876042390934,ABSTAIN,True
S20260929_ABSTAIN_14,ABSTAIN,0.843501634466872,,0.2050688422481662,ABSTAIN,True
S20260929_ABSTAIN_15,ABSTAIN,0.6451579911061833,,0.5781822238338199,ABSTAIN,True
S20260929_ABSTAIN_16,ABSTAIN,0.8568204848092831,,0.20859720079394706,ABSTAIN,True
S20260929_ABSTAIN_17,ABSTAIN,0.9434062087557262,,0.24298264611485054,ABSTAIN,True
S20260929_ABSTAIN_18,ABSTAIN,0.7442726780163182,,0.3601409671900009,ABSTAIN,True
S20260929_ABSTAIN_19,ABSTAIN,0.8973699782182335,,0.6183299144526442,ABSTAIN,True
S20260929_ABSTAIN_20,ABSTAIN,0.8649449872480659,,0.45169619385827653,ABSTAIN,True
S20260930_KEEP_01,KEEP,1.0409137922044178,0.0,0.8859869433250069,KEEP,True
S20260930_KEEP_02,KEEP,1.0406513689011725,0.0,0.8793375965680019,KEEP,True
S20260930_KEEP_03,KEEP,1.0401188530723218,0.0,0.8897410608793569,KEEP,True
S20260930_KEEP_04,KEEP,1.041023518956961,0.0,0.9545559602011368,KEEP,True
S20260930_KEEP_05,KEEP,1.0399785642733264,0.0,0.9267305135354561,KEEP,True
S20260930_KEEP_06,KEEP,1.0404889926796752,0.0,0.9929815000912015,KEEP,True
S20260930_KEEP_07,KEEP,1.0407236504549642,0.0,0.8561358581752448,KEEP,True
S20260930_KEEP_08,KEEP,1.0407459056887187,0.0,0.8462158052478738,KEEP,True
S20260930_KEEP_09,KEEP,1.0409829202545127,0.0,0.9068582054436848,KEEP,True
S20260930_KEEP_10,KEEP,1.0404700742721311,0.0,0.851500585951724,KEEP,True
S20260930_KEEP_11,KEEP,1.0406559137855071,0.0,0.8960964477931939,KEEP,True
S20260930_KEEP_12,KEEP,1.0403584008417273,0.0,0.9065047592707693,KEEP,True
S20260930_KEEP_13,KEEP,1.041480435442113,0.0,0.8559313760442834,KEEP,True
S20260930_KEEP_14,KEEP,1.0414522757295657,0.0,0.9793856278955461,KEEP,True
S20260930_KEEP_15,KEEP,1.0407680154038657,0.0,0.9067484781871888,KEEP,True
S20260930_KEEP_16,KEEP,1.0413493748072404,0.0,0.8854686902533871,KEEP,True
S20260930_KEEP_17,KEEP,1.0411013250675152,0.0,0.945261643907158,KEEP,True
S20260930_KEEP_18,KEEP,1.0396836497528483,0.0,0.8740453762368933,KEEP,True
S20260930_KEEP_19,KEEP,1.0413082056483147,0.0,0.891706240094595,KEEP,True
S20260930_KEEP_20,KEEP,1.0403585215049356,0.0,0.9202768887976841,KEEP,True
S20260930_RECALIBRATE_01,RECALIBRATE,0.9247748797731238,0.0,0.9067873944389422,RECALIBRATE,True
S20260930_RECALIBRATE_02,RECALIBRATE,0.9309440489694787,0.0,0.9821910492307253,RECALIBRATE,True
S20260930_RECALIBRATE_03,RECALIBRATE,0.9971178997044042,0.0,0.9296501214580437,RECALIBRATE,True
S20260930_RECALIBRATE_04,RECALIBRATE,0.923733645488421,0.0,0.8967946479613814,RECALIBRATE,True
S20260930_RECALIBRATE_05,RECALIBRATE,0.9450061686711299,0.0,0.8389213730513477,RECALIBRATE,True
S20260930_RECALIBRATE_06,RECALIBRATE,1.0116830222385396,0.0,0.840080168585695,RECALIBRATE,True
S20260930_RECALIBRATE_07,RECALIBRATE,0.9787739029105378,0.0,0.9927788805552,RECALIBRATE,True
S20260930_RECALIBRATE_08,RECALIBRATE,1.0048311747390102,0.0,0.9235322238031922,RECALIBRATE,True
S20260930_RECALIBRATE_09,RECALIBRATE,0.9985177444230015,0.0,0.9337859941719054,RECALIBRATE,True
S20260930_RECALIBRATE_10,RECALIBRATE,0.9204280356155695,0.0,0.8274960609340791,RECALIBRATE,True
S20260930_RECALIBRATE_11,RECALIBRATE,0.9787740251404223,0.0,0.903987959519122,RECALIBRATE,True
S20260930_RECALIBRATE_12,RECALIBRATE,0.9416549685294643,0.0,0.9145003586987593,RECALIBRATE,True
S20260930_RECALIBRATE_13,RECALIBRATE,0.9839959638533141,0.0,0.8244876992565016,RECALIBRATE,True
S20260930_RECALIBRATE_14,RECALIBRATE,0.9720875992044475,0.0,0.8445590941105632,RECALIBRATE,True
S20260930_RECALIBRATE_15,RECALIBRATE,0.9496869689338783,0.0,0.9238255843058473,RECALIBRATE,True
S20260930_RECALIBRATE_16,RECALIBRATE,1.00115628623648,0.0,0.8823707315915849,RECALIBRATE,True
S20260930_RECALIBRATE_17,RECALIBRATE,0.9504645666291289,0.0,0.9787533370450378,RECALIBRATE,True
S20260930_RECALIBRATE_18,RECALIBRATE,0.9719953951868102,0.0,0.8592802064138952,RECALIBRATE,True
S20260930_RECALIBRATE_19,RECALIBRATE,1.017924994514913,0.0,0.9493219103139523,RECALIBRATE,True
S20260930_RECALIBRATE_20,RECALIBRATE,0.9248752156246771,0.0,0.9304108699079912,RECALIBRATE,True
S20260930_REVISE_01,REVISE,0.616263518376655,,0.8551048752800939,RECALIBRATE,False
S20260930_REVISE_02,REVISE,0.7142255747889654,,0.9859895628250142,RECALIBRATE,False
S20260930_REVISE_03,REVISE,0.6323947674227506,,0.8421452895752358,RECALIBRATE,False
S20260930_REVISE_04,REVISE,0.8590753791166048,,0.9216286481145782,RECALIBRATE,False
S20260930_REVISE_05,REVISE,0.8502670827447669,,0.9269362559262652,RECALIBRATE,False
S20260930_REVISE_06,REVISE,0.73902390975476,,0.9242840224238165,RECALIBRATE,False
S20260930_REVISE_07,REVISE,0.859895653876246,,0.9770303973258008,RECALIBRATE,False
S20260930_REVISE_08,REVISE,0.7458731231157922,,0.9233504974339871,RECALIBRATE,False
S20260930_REVISE_09,REVISE,0.7718830523440441,,0.8713105091047711,RECALIBRATE,False
S20260930_REVISE_10,REVISE,0.9398246095036757,,0.8306499958574822,RECALIBRATE,False
S20260930_REVISE_11,REVISE,0.6706068881393966,,0.9234624036020167,RECALIBRATE,False
S20260930_REVISE_12,REVISE,0.5548590893222638,,0.9383615840253334,RECALIBRATE,False
S20260930_REVISE_13,REVISE,0.7896586443592674,,0.9603011246011472,RECALIBRATE,False
S20260930_REVISE_14,REVISE,0.4829097672757689,,0.8981738573973138,RECALIBRATE,False
S20260930_REVISE_15,REVISE,0.5266379561158413,,0.8866351132166436,RECALIBRATE,False
S20260930_REVISE_16,REVISE,0.9157098542736808,,0.9464366817540887,RECALIBRATE,False
S20260930_REVISE_17,REVISE,0.8329584695353506,,0.8399698875889996,RECALIBRATE,False
S20260930_REVISE_18,REVISE,0.7436851165838245,,0.8980193384928319,RECALIBRATE,False
S20260930_REVISE_19,REVISE,0.5005430018521525,,0.8826808641156629,RECALIBRATE,False
S20260930_REVISE_20,REVISE,0.7085122260448216,,0.9625992216650446,RECALIBRATE,False
S20260930_ABSTAIN_01,ABSTAIN,0.8415357160034589,,0.36800251351537316,ABSTAIN,True
S20260930_ABSTAIN_02,ABSTAIN,0.8321932266655456,,0.23426747955452817,ABSTAIN,True
S20260930_ABSTAIN_03,ABSTAIN,0.749871301077228,,0.4671398382347856,ABSTAIN,True
S20260930_ABSTAIN_04,ABSTAIN,0.5437221675248531,,0.7349166553065185,ABSTAIN,True
S20260930_ABSTAIN_05,ABSTAIN,0.8012464350041161,,0.5136337053197164,ABSTAIN,True
S20260930_ABSTAIN_06,ABSTAIN,0.6504917433733037,,0.21685812335605703,ABSTAIN,True
S20260930_ABSTAIN_07,ABSTAIN,0.4926767418999826,,0.6948646412922304,ABSTAIN,True
S20260930_ABSTAIN_08,ABSTAIN,0.8846324654750186,,0.23737262730027991,ABSTAIN,True
S20260930_ABSTAIN_09,ABSTAIN,0.6740185726394595,,0.3064690778349025,ABSTAIN,True
S20260930_ABSTAIN_10,ABSTAIN,0.7247586566687083,,0.43445818191338215,ABSTAIN,True
S20260930_ABSTAIN_11,ABSTAIN,0.885847315824999,,0.27968652104049585,ABSTAIN,True
S20260930_ABSTAIN_12,ABSTAIN,0.7963960041560054,,0.3723395913459388,ABSTAIN,True
S20260930_ABSTAIN_13,ABSTAIN,0.5438992029546309,,0.7384274920732756,ABSTAIN,True
S20260930_ABSTAIN_14,ABSTAIN,0.6277659144364296,,0.49537391174221596,ABSTAIN,True
S20260930_ABSTAIN_15,ABSTAIN,0.6965097964111714,,0.5040306451546348,ABSTAIN,True
S20260930_ABSTAIN_16,ABSTAIN,0.9204726016525175,,0.7539651203897477,ABSTAIN,True
S20260930_ABSTAIN_17,ABSTAIN,0.7664037648449589,,0.22507383759603358,ABSTAIN,True
S20260930_ABSTAIN_18,ABSTAIN,0.4826192901051944,,0.26769777502976466,ABSTAIN,True
S20260930_ABSTAIN_19,ABSTAIN,0.9364137143472201,,0.6763813003224459,ABSTAIN,True
S20260930_ABSTAIN_20,ABSTAIN,0.8623605361133717,,0.6315312632908203,ABSTAIN,True
